number1,number2,number3,number4,number5,number6,bonus_no,day,date
6,11,19,21,39,49,28,Wednesday," December 29, 2010"
2,12,23,26,27,31,20,Saturday," December 25, 2010"
3,5,10,11,35,45,33,Wednesday," December 22, 2010"
5,7,13,33,37,39,44,Saturday," December 18, 2010"
1,5,8,11,29,33,36,Wednesday," December 15, 2010"
2,7,13,17,27,41,8,Saturday," December 11, 2010"
1,6,7,8,22,46,17,Wednesday," December 8, 2010"
9,12,16,24,25,38,31,Saturday," December 4, 2010"
2,11,12,29,40,42,35,Wednesday," December 1, 2010"
4,13,23,24,37,47,45,Saturday," November 27, 2010"
5,11,26,28,35,46,49,Wednesday," November 24, 2010"
1,10,13,23,41,43,39,Saturday," November 20, 2010"
3,12,14,16,29,38,23,Wednesday," November 17, 2010"
5,15,27,35,38,47,23,Saturday," November 13, 2010"
4,5,17,30,36,38,45,Wednesday," November 10, 2010"
2,20,29,33,40,44,25,Saturday," November 6, 2010"
10,11,16,19,28,40,8,Wednesday," November 3, 2010"
10,15,24,29,35,38,8,Saturday," October 30, 2010"
2,16,20,23,33,43,6,Wednesday," October 27, 2010"
2,13,21,22,40,44,37,Saturday," October 23, 2010"
9,10,14,15,19,29,35,Wednesday," October 20, 2010"
20,28,32,36,42,46,21,Saturday," October 16, 2010"
2,3,23,29,34,36,17,Wednesday," October 13, 2010"
1,8,15,36,38,49,16,Saturday," October 9, 2010"
10,20,24,32,37,47,49,Wednesday," October 6, 2010"
7,13,18,23,26,27,46,Saturday," October 2, 2010"
1,7,19,31,35,44,36,Wednesday," September 29, 2010"
7,11,15,30,31,45,23,Saturday," September 25, 2010"
13,19,29,30,33,49,5,Wednesday," September 22, 2010"
1,14,17,19,40,42,30,Saturday," September 18, 2010"
6,11,21,26,34,41,24,Wednesday," September 15, 2010"
3,9,11,13,27,45,5,Saturday," September 11, 2010"
4,6,11,45,46,47,48,Wednesday," September 8, 2010"
11,13,17,18,20,45,41,Saturday," September 4, 2010"
13,32,35,39,46,48,5,Wednesday," September 1, 2010"
1,4,7,25,30,45,6,Saturday," August 28, 2010"
5,8,20,26,31,36,15,Wednesday," August 25, 2010"
7,10,15,26,36,41,21,Saturday," August 21, 2010"
3,7,12,25,28,37,16,Wednesday," August 18, 2010"
9,20,22,23,26,44,5,Saturday," August 14, 2010"
3,10,12,20,26,27,47,Wednesday," August 11, 2010"
10,14,18,41,42,47,16,Saturday," August 7, 2010"
5,8,13,22,35,40,9,Wednesday," August 4, 2010"
1,35,38,40,47,48,29,Saturday," July 31, 2010"
2,15,27,30,34,36,31,Wednesday," July 28, 2010"
3,6,26,32,43,49,29,Saturday," July 24, 2010"
13,14,15,17,28,36,29,Wednesday," July 21, 2010"
24,26,28,37,43,48,8,Saturday," July 17, 2010"
4,17,20,31,36,40,37,Wednesday," July 14, 2010"
13,14,16,28,34,42,26,Saturday," July 10, 2010"
3,8,18,34,44,49,30,Wednesday," July 7, 2010"
9,12,19,29,38,47,18,Saturday," July 3, 2010"
4,14,24,26,34,43,1,Wednesday," June 30, 2010"
1,10,16,25,36,38,29,Saturday," June 26, 2010"
16,18,21,36,46,48,47,Wednesday," June 23, 2010"
11,18,27,29,32,39,1,Saturday," June 19, 2010"
2,5,9,20,25,32,30,Wednesday," June 16, 2010"
3,11,14,20,41,47,9,Saturday," June 12, 2010"
12,13,25,30,37,41,48,Wednesday," June 9, 2010"
30,31,32,34,36,49,9,Saturday," June 5, 2010"
15,19,30,31,34,37,7,Wednesday," June 2, 2010"
18,32,40,41,47,49,7,Saturday," May 29, 2010"
12,13,33,43,46,49,48,Wednesday," May 26, 2010"
7,8,19,23,30,46,4,Saturday," May 22, 2010"
27,28,35,40,43,48,20,Wednesday," May 19, 2010"
3,5,8,15,33,35,14,Saturday," May 15, 2010"
8,9,20,26,28,29,38,Wednesday," May 12, 2010"
4,10,21,39,45,48,12,Saturday," May 8, 2010"
12,13,15,31,47,49,28,Wednesday," May 5, 2010"
4,7,10,22,25,33,49,Saturday," May 1, 2010"
6,24,27,34,36,42,18,Wednesday," April 28, 2010"
3,10,14,36,38,40,23,Saturday," April 24, 2010"
12,19,22,36,40,46,17,Wednesday," April 21, 2010"
4,11,12,25,42,43,44,Saturday," April 17, 2010"
9,12,20,28,33,46,10,Wednesday," April 14, 2010"
7,9,23,25,27,41,15,Saturday," April 10, 2010"
3,10,13,22,34,43,46,Wednesday," April 7, 2010"
1,2,13,17,24,39,34,Saturday," April 3, 2010"
27,28,33,37,48,49,5,Wednesday," March 31, 2010"
2,4,9,22,43,44,29,Saturday," March 27, 2010"
5,19,27,32,44,46,25,Wednesday," March 24, 2010"
9,11,15,34,35,42,47,Saturday," March 20, 2010"
5,6,21,38,42,45,46,Wednesday," March 17, 2010"
3,13,15,28,41,47,40,Saturday," March 13, 2010"
8,12,28,30,38,48,2,Wednesday," March 10, 2010"
7,9,14,24,25,44,28,Saturday," March 6, 2010"
10,19,23,24,33,38,21,Wednesday," March 3, 2010"
4,6,14,23,25,36,27,Saturday," February 27, 2010"
4,13,18,21,22,42,3,Wednesday," February 24, 2010"
13,15,18,20,23,26,17,Saturday," February 20, 2010"
14,16,34,41,45,49,5,Wednesday," February 17, 2010"
1,9,23,28,37,39,12,Saturday," February 13, 2010"
13,24,30,32,37,48,49,Wednesday," February 10, 2010"
4,12,14,15,21,23,13,Saturday," February 6, 2010"
9,24,29,35,37,40,21,Wednesday," February 3, 2010"
2,31,32,34,40,49,5,Saturday," January 30, 2010"
14,17,19,21,40,42,26,Wednesday," January 27, 2010"
29,35,36,38,41,43,47,Saturday," January 23, 2010"
13,17,25,40,45,47,42,Wednesday," January 20, 2010"
12,21,25,30,41,43,48,Saturday," January 16, 2010"
26,28,30,39,40,48,27,Wednesday," January 13, 2010"
7,9,10,27,28,40,42,Saturday," January 9, 2010"
10,12,15,23,26,44,30,Wednesday," January 6, 2010"
16,22,25,33,39,48,28,Saturday," January 2, 2010"
2,11,21,28,31,44,36,Saturday," December 31, 2011"
1,22,28,38,47,48,29,Wednesday," December 28, 2011"
1,18,25,26,36,39,29,Saturday," December 24, 2011"
12,16,19,34,41,47,20,Wednesday," December 21, 2011"
3,5,24,27,38,46,42,Saturday," December 17, 2011"
13,20,22,29,32,33,16,Wednesday," December 14, 2011"
3,7,15,35,36,40,13,Saturday," December 10, 2011"
6,8,24,27,31,41,48,Wednesday," December 7, 2011"
8,24,34,38,41,42,22,Saturday," December 3, 2011"
12,15,23,36,43,47,40,Wednesday," November 30, 2011"
2,18,23,35,47,48,9,Saturday," November 26, 2011"
10,13,15,30,34,44,21,Wednesday," November 23, 2011"
3,4,14,18,28,31,47,Saturday," November 19, 2011"
15,25,28,32,35,42,45,Wednesday," November 16, 2011"
3,4,20,34,39,48,2,Saturday," November 12, 2011"
12,30,36,37,40,48,32,Wednesday," November 9, 2011"
14,18,22,34,36,43,3,Saturday," November 5, 2011"
3,22,32,40,45,48,4,Wednesday," November 2, 2011"
5,8,13,16,40,49,20,Saturday," October 29, 2011"
1,2,38,39,40,49,44,Wednesday," October 26, 2011"
8,18,20,30,32,46,22,Saturday," October 22, 2011"
9,14,17,20,44,45,33,Wednesday," October 19, 2011"
14,24,27,36,39,42,3,Saturday," October 15, 2011"
6,7,12,20,38,40,43,Wednesday," October 12, 2011"
7,13,14,16,22,48,32,Saturday," October 8, 2011"
7,10,13,19,26,29,23,Wednesday," October 5, 2011"
8,15,24,25,30,35,13,Saturday," October 1, 2011"
2,14,29,32,41,44,3,Wednesday," September 28, 2011"
3,8,15,16,20,46,35,Saturday," September 24, 2011"
1,23,30,38,45,48,3,Wednesday," September 21, 2011"
15,17,19,23,27,38,7,Saturday," September 17, 2011"
12,26,28,31,33,45,27,Wednesday," September 14, 2011"
17,18,25,31,42,49,28,Saturday," September 10, 2011"
10,15,29,32,34,40,6,Wednesday," September 7, 2011"
14,15,25,32,41,42,49,Saturday," September 3, 2011"
11,16,25,35,38,41,37,Wednesday," August 31, 2011"
11,14,19,20,21,47,45,Saturday," August 27, 2011"
12,15,18,29,33,46,48,Wednesday," August 24, 2011"
6,11,18,20,21,34,47,Saturday," August 20, 2011"
7,18,23,24,27,32,26,Wednesday," August 17, 2011"
28,35,42,45,46,49,27,Saturday," August 13, 2011"
9,18,24,27,29,43,5,Wednesday," August 10, 2011"
9,21,28,31,34,37,2,Saturday," August 6, 2011"
6,17,21,28,31,38,43,Wednesday," August 3, 2011"
6,7,10,19,21,45,16,Saturday," July 30, 2011"
2,3,15,23,41,46,10,Wednesday," July 27, 2011"
3,5,11,23,33,34,24,Saturday," July 23, 2011"
2,21,23,30,34,42,46,Wednesday," July 20, 2011"
2,12,23,35,39,49,44,Saturday," July 16, 2011"
2,8,28,29,34,44,38,Wednesday," July 13, 2011"
4,7,23,31,33,36,22,Saturday," July 9, 2011"
14,25,31,36,44,47,37,Wednesday," July 6, 2011"
2,16,30,41,44,48,21,Saturday," July 2, 2011"
3,15,23,33,39,47,41,Wednesday," June 29, 2011"
4,17,23,31,45,48,29,Saturday," June 25, 2011"
5,7,16,27,37,49,25,Wednesday," June 22, 2011"
4,9,14,21,34,45,25,Saturday," June 18, 2011"
2,4,22,25,28,31,17,Wednesday," June 15, 2011"
6,7,8,9,20,28,22,Saturday," June 11, 2011"
7,10,21,22,38,39,11,Wednesday," June 8, 2011"
19,20,27,29,33,45,41,Saturday," June 4, 2011"
18,23,27,44,46,47,29,Wednesday," June 1, 2011"
11,13,17,21,43,49,5,Saturday," May 28, 2011"
5,32,37,38,39,42,22,Wednesday," May 25, 2011"
7,8,17,22,24,30,37,Saturday," May 21, 2011"
1,39,42,45,48,49,29,Wednesday," May 18, 2011"
12,29,30,36,39,45,20,Saturday," May 14, 2011"
14,20,30,34,37,45,15,Wednesday," May 11, 2011"
2,23,24,27,36,48,16,Saturday," May 7, 2011"
8,9,26,39,46,47,38,Wednesday," May 4, 2011"
1,6,7,24,30,48,4,Saturday," April 30, 2011"
3,8,31,42,44,48,33,Wednesday," April 27, 2011"
1,8,18,27,35,45,47,Saturday," April 23, 2011"
12,15,33,34,38,43,30,Wednesday," April 20, 2011"
5,7,11,12,33,39,28,Saturday," April 16, 2011"
3,8,15,20,26,45,12,Wednesday," April 13, 2011"
17,23,24,40,45,48,18,Saturday," April 9, 2011"
1,3,23,26,35,38,11,Wednesday," April 6, 2011"
16,21,26,28,45,46,49,Saturday," April 2, 2011"
8,15,17,29,36,44,16,Wednesday," March 30, 2011"
4,6,21,22,42,43,12,Saturday," March 26, 2011"
5,10,11,21,24,43,32,Wednesday," March 23, 2011"
7,25,28,31,36,45,49,Saturday," March 19, 2011"
1,3,15,19,36,37,2,Wednesday," March 16, 2011"
6,9,17,23,26,36,42,Saturday," March 12, 2011"
4,7,18,21,41,46,37,Wednesday," March 9, 2011"
19,21,27,33,36,38,3,Saturday," March 5, 2011"
27,28,31,41,42,43,46,Wednesday," March 2, 2011"
3,16,17,31,33,46,37,Saturday," February 26, 2011"
5,6,15,24,35,48,39,Wednesday," February 23, 2011"
10,16,20,26,34,48,40,Saturday," February 19, 2011"
10,15,29,30,44,45,28,Wednesday," February 16, 2011"
3,15,22,31,43,47,42,Saturday," February 12, 2011"
17,19,21,33,34,46,47,Wednesday," February 9, 2011"
20,25,32,39,40,44,48,Saturday," February 5, 2011"
4,11,18,27,28,46,39,Wednesday," February 2, 2011"
3,4,16,35,40,44,32,Saturday," January 29, 2011"
4,6,22,24,31,40,33,Wednesday," January 26, 2011"
4,5,9,12,33,36,38,Saturday," January 22, 2011"
7,13,18,21,23,24,48,Wednesday," January 19, 2011"
10,15,35,42,44,47,39,Saturday," January 15, 2011"
4,9,15,27,28,46,18,Wednesday," January 12, 2011"
5,6,11,16,24,40,10,Saturday," January 8, 2011"
1,3,8,12,32,47,19,Wednesday," January 5, 2011"
8,15,39,44,45,49,29,Saturday," January 1, 2011"
1,26,33,36,45,48,22,Saturday," December 29, 2012"
3,5,26,27,37,39,21,Wednesday," December 26, 2012"
8,10,14,16,18,35,43,Saturday," December 22, 2012"
1,13,16,30,33,48,49,Wednesday," December 19, 2012"
11,22,36,37,43,48,7,Saturday," December 15, 2012"
6,7,24,27,28,46,44,Wednesday," December 12, 2012"
2,12,22,42,43,46,5,Saturday," December 8, 2012"
4,26,34,38,41,46,44,Wednesday," December 5, 2012"
7,22,28,32,34,38,20,Saturday," December 1, 2012"
3,6,13,29,36,38,33,Wednesday," November 28, 2012"
6,32,35,36,40,45,48,Saturday," November 24, 2012"
10,16,21,31,33,36,27,Wednesday," November 21, 2012"
3,4,20,31,41,48,15,Saturday," November 17, 2012"
15,20,29,36,38,42,27,Wednesday," November 14, 2012"
6,22,23,41,44,49,48,Saturday," November 10, 2012"
20,36,42,43,45,48,5,Wednesday," November 7, 2012"
9,22,34,35,46,47,26,Saturday," November 3, 2012"
4,8,17,23,34,47,30,Wednesday," October 31, 2012"
11,15,16,17,31,40,6,Saturday," October 27, 2012"
9,10,11,24,34,42,5,Wednesday," October 24, 2012"
13,14,21,24,32,35,18,Saturday," October 20, 2012"
4,20,22,23,42,44,41,Wednesday," October 17, 2012"
6,14,26,27,34,46,37,Saturday," October 13, 2012"
8,22,37,40,41,44,4,Wednesday," October 10, 2012"
20,24,27,40,44,45,35,Saturday," October 6, 2012"
5,15,20,25,28,33,39,Wednesday," October 3, 2012"
2,7,18,20,41,48,29,Saturday," September 29, 2012"
2,5,9,13,22,38,37,Wednesday," September 26, 2012"
4,19,22,24,32,33,21,Saturday," September 22, 2012"
7,9,18,22,28,38,26,Wednesday," September 19, 2012"
9,10,12,19,24,31,17,Saturday," September 15, 2012"
3,29,33,36,39,45,37,Wednesday," September 12, 2012"
1,4,6,24,26,29,12,Saturday," September 8, 2012"
15,21,23,26,28,48,6,Wednesday," September 5, 2012"
2,5,20,30,39,45,25,Saturday," September 1, 2012"
3,5,8,14,24,34,38,Wednesday," August 29, 2012"
4,12,17,18,34,44,21,Saturday," August 25, 2012"
9,13,19,32,41,49,17,Wednesday," August 22, 2012"
7,14,15,23,35,37,36,Saturday," August 18, 2012"
1,6,12,19,24,31,5,Wednesday," August 15, 2012"
17,20,22,35,38,48,36,Saturday," August 11, 2012"
6,8,18,20,40,42,36,Wednesday," August 8, 2012"
3,8,23,25,29,47,32,Saturday," August 4, 2012"
1,14,17,29,36,37,13,Wednesday," August 1, 2012"
6,10,22,30,35,49,17,Saturday," July 28, 2012"
1,20,27,36,40,42,14,Wednesday," July 25, 2012"
11,21,35,37,46,47,32,Saturday," July 21, 2012"
1,11,12,17,32,40,14,Wednesday," July 18, 2012"
13,17,22,29,36,45,47,Saturday," July 14, 2012"
5,8,14,18,43,49,37,Wednesday," July 11, 2012"
3,20,27,29,38,44,45,Saturday," July 7, 2012"
15,20,22,25,27,41,28,Wednesday," July 4, 2012"
12,22,31,32,35,47,4,Saturday," June 30, 2012"
4,10,19,24,32,35,1,Wednesday," June 27, 2012"
12,19,28,34,36,41,1,Saturday," June 23, 2012"
1,6,10,26,31,38,11,Wednesday," June 20, 2012"
1,8,19,26,37,44,16,Saturday," June 16, 2012"
7,11,15,22,37,44,16,Wednesday," June 13, 2012"
8,18,29,37,38,44,48,Saturday," June 9, 2012"
8,21,22,26,30,39,7,Wednesday," June 6, 2012"
7,22,27,29,33,39,40,Saturday," June 2, 2012"
2,21,36,37,45,47,15,Wednesday," May 30, 2012"
23,31,33,38,46,49,17,Saturday," May 26, 2012"
2,3,7,13,32,40,8,Wednesday," May 23, 2012"
14,17,21,27,37,46,39,Saturday," May 19, 2012"
2,3,12,15,19,49,5,Wednesday," May 16, 2012"
4,5,10,34,37,45,7,Saturday," May 12, 2012"
2,6,15,19,24,38,9,Wednesday," May 9, 2012"
5,6,30,32,45,46,41,Saturday," May 5, 2012"
18,19,33,40,44,47,10,Wednesday," May 2, 2012"
9,21,22,42,44,48,28,Saturday," April 28, 2012"
15,18,26,33,36,39,35,Wednesday," April 25, 2012"
2,8,10,20,28,38,29,Saturday," April 21, 2012"
6,10,11,16,32,36,42,Wednesday," April 18, 2012"
14,16,18,20,26,47,13,Saturday," April 14, 2012"
1,2,16,24,36,49,33,Wednesday," April 11, 2012"
2,13,16,32,39,44,27,Saturday," April 7, 2012"
18,23,25,26,45,48,16,Wednesday," April 4, 2012"
33,35,36,39,48,49,42,Saturday," March 31, 2012"
5,10,12,18,25,45,15,Wednesday," March 28, 2012"
11,20,23,28,40,45,14,Saturday," March 24, 2012"
23,27,32,37,38,45,35,Wednesday," March 21, 2012"
1,2,9,15,17,37,30,Saturday," March 17, 2012"
6,9,11,12,19,20,47,Wednesday," March 14, 2012"
4,17,25,26,39,49,10,Saturday," March 10, 2012"
5,7,39,41,45,46,25,Wednesday," March 7, 2012"
9,19,20,31,41,45,42,Saturday," March 3, 2012"
5,6,8,9,11,40,28,Wednesday," February 29, 2012"
2,22,30,33,35,42,14,Saturday," February 25, 2012"
1,12,22,35,42,44,40,Wednesday," February 22, 2012"
4,12,14,21,22,37,28,Saturday," February 18, 2012"
3,19,21,41,43,47,9,Wednesday," February 15, 2012"
6,13,19,32,43,44,9,Saturday," February 11, 2012"
7,22,23,26,40,48,39,Wednesday," February 8, 2012"
8,10,12,22,26,28,24,Saturday," February 4, 2012"
2,7,9,18,23,38,14,Wednesday," February 1, 2012"
5,6,17,39,44,48,29,Saturday," January 28, 2012"
2,12,20,35,41,49,36,Wednesday," January 25, 2012"
9,11,31,34,48,49,41,Saturday," January 21, 2012"
4,7,10,27,37,49,44,Wednesday," January 18, 2012"
1,3,7,11,38,40,37,Saturday," January 14, 2012"
9,10,11,18,39,45,23,Wednesday," January 11, 2012"
6,8,11,25,28,45,7,Saturday," January 7, 2012"
1,8,11,21,24,41,45,Wednesday," January 4, 2012"
13,20,23,34,38,46,18,Saturday," December 28, 2013"
4,18,23,32,34,47,44,Wednesday," December 25, 2013"
1,2,10,19,22,44,41,Saturday," December 21, 2013"
2,4,16,20,25,46,23,Wednesday," December 18, 2013"
13,18,19,20,35,40,14,Saturday," December 14, 2013"
4,15,28,31,37,44,35,Wednesday," December 11, 2013"
2,8,11,15,24,27,44,Saturday," December 7, 2013"
10,12,16,23,41,42,19,Wednesday," December 4, 2013"
2,18,22,25,37,39,1,Saturday," November 30, 2013"
8,9,15,23,40,48,19,Wednesday," November 27, 2013"
3,5,13,16,44,48,2,Saturday," November 23, 2013"
20,26,35,37,46,48,9,Wednesday," November 20, 2013"
9,12,17,20,21,37,31,Saturday," November 16, 2013"
3,8,15,17,29,33,10,Wednesday," November 13, 2013"
4,8,30,43,46,48,44,Saturday," November 9, 2013"
21,26,32,34,36,39,28,Wednesday," November 6, 2013"
9,12,13,26,35,43,2,Saturday," November 2, 2013"
4,9,24,41,47,48,46,Wednesday," October 30, 2013"
3,5,16,20,27,45,7,Saturday," October 26, 2013"
6,12,14,20,21,26,33,Wednesday," October 23, 2013"
3,4,6,23,33,44,31,Saturday," October 19, 2013"
3,10,17,18,19,23,38,Wednesday," October 16, 2013"
7,12,20,22,26,35,13,Saturday," October 12, 2013"
18,22,24,30,43,48,42,Wednesday," October 9, 2013"
2,12,18,26,35,36,7,Saturday," October 5, 2013"
2,10,16,36,40,45,11,Wednesday," October 2, 2013"
8,16,18,26,28,37,5,Saturday," September 28, 2013"
5,19,22,29,31,32,7,Wednesday," September 25, 2013"
7,19,21,29,31,36,42,Saturday," September 21, 2013"
13,22,23,31,35,45,33,Wednesday," September 18, 2013"
6,26,41,42,47,48,31,Saturday," September 14, 2013"
13,21,22,26,35,40,15,Wednesday," September 11, 2013"
2,4,15,29,32,40,26,Saturday," September 7, 2013"
2,7,12,21,25,47,6,Wednesday," September 4, 2013"
5,6,24,29,35,39,44,Saturday," August 31, 2013"
13,17,19,22,28,46,38,Wednesday," August 28, 2013"
2,8,32,36,47,49,33,Saturday," August 24, 2013"
4,12,28,31,39,46,42,Wednesday," August 21, 2013"
1,6,13,29,37,39,17,Saturday," August 17, 2013"
14,20,28,31,44,49,34,Wednesday," August 14, 2013"
8,23,25,32,33,48,28,Saturday," August 10, 2013"
19,21,29,32,34,47,8,Wednesday," August 7, 2013"
2,3,9,17,29,40,41,Saturday," August 3, 2013"
5,15,30,42,46,49,35,Wednesday," July 31, 2013"
3,15,17,20,27,43,30,Saturday," July 27, 2013"
2,5,12,22,44,48,10,Wednesday," July 24, 2013"
3,20,24,26,37,47,35,Saturday," July 20, 2013"
11,12,16,29,38,43,25,Wednesday," July 17, 2013"
2,11,14,22,41,42,13,Saturday," July 13, 2013"
7,8,11,19,25,46,17,Wednesday," July 10, 2013"
21,23,24,33,38,44,45,Saturday," July 6, 2013"
16,17,19,22,40,43,10,Wednesday," July 3, 2013"
4,11,12,14,25,37,36,Saturday," June 29, 2013"
1,3,23,33,40,48,42,Wednesday," June 26, 2013"
3,4,5,12,23,33,27,Saturday," June 22, 2013"
8,23,25,28,34,39,47,Wednesday," June 19, 2013"
5,8,13,14,17,30,1,Saturday," June 15, 2013"
4,8,16,25,33,36,21,Wednesday," June 12, 2013"
8,11,19,42,46,47,27,Saturday," June 8, 2013"
5,15,19,31,42,47,20,Wednesday," June 5, 2013"
2,7,24,37,38,40,9,Saturday," June 1, 2013"
21,28,34,35,48,49,18,Wednesday," May 29, 2013"
9,17,32,41,42,44,3,Saturday," May 25, 2013"
1,20,24,33,37,43,42,Wednesday," May 22, 2013"
5,24,26,28,33,45,31,Saturday," May 18, 2013"
11,14,21,24,25,43,12,Wednesday," May 15, 2013"
2,10,16,21,24,49,30,Saturday," May 11, 2013"
12,21,23,24,38,46,36,Wednesday," May 8, 2013"
8,9,13,22,35,36,6,Saturday," May 4, 2013"
1,2,32,33,38,49,42,Wednesday," May 1, 2013"
9,28,35,36,48,49,6,Saturday," April 27, 2013"
10,20,30,38,41,44,15,Wednesday," April 24, 2013"
1,10,11,19,21,41,27,Saturday," April 20, 2013"
18,25,26,41,45,49,23,Wednesday," April 17, 2013"
2,10,17,19,44,47,40,Saturday," April 13, 2013"
1,9,12,29,30,42,22,Wednesday," April 10, 2013"
11,19,27,28,30,39,21,Saturday," April 6, 2013"
20,26,27,32,36,46,49,Wednesday," April 3, 2013"
26,30,34,35,38,41,48,Saturday," March 30, 2013"
2,8,11,26,27,33,17,Wednesday," March 27, 2013"
1,2,7,10,33,38,13,Saturday," March 23, 2013"
9,14,24,43,45,46,22,Wednesday," March 20, 2013"
4,14,16,25,45,47,27,Saturday," March 16, 2013"
1,4,11,16,26,46,31,Wednesday," March 13, 2013"
15,18,24,28,29,49,2,Saturday," March 9, 2013"
1,5,14,27,30,41,3,Wednesday," March 6, 2013"
6,29,31,33,40,43,48,Saturday," March 2, 2013"
11,15,19,25,34,39,22,Wednesday," February 27, 2013"
4,12,19,21,26,41,40,Saturday," February 23, 2013"
23,31,41,45,46,49,3,Wednesday," February 20, 2013"
3,5,13,33,34,44,8,Saturday," February 16, 2013"
17,18,21,25,35,47,16,Wednesday," February 13, 2013"
7,17,30,33,42,49,40,Saturday," February 9, 2013"
4,18,23,25,39,43,7,Wednesday," February 6, 2013"
4,15,22,27,29,31,47,Saturday," February 2, 2013"
1,14,21,23,29,46,26,Wednesday," January 30, 2013"
23,27,35,40,43,44,13,Saturday," January 26, 2013"
2,5,16,25,30,40,19,Wednesday," January 23, 2013"
1,4,6,13,20,44,28,Saturday," January 19, 2013"
14,21,27,34,37,38,10,Wednesday," January 16, 2013"
6,16,29,30,33,36,15,Saturday," January 12, 2013"
14,17,33,34,43,44,5,Wednesday," January 9, 2013"
24,29,34,36,41,42,45,Saturday," January 5, 2013"
10,14,15,39,43,49,9,Wednesday," January 2, 2013"
6,7,8,29,35,45,12,Wednesday," December 31, 2014"
7,22,26,27,42,47,28,Saturday," December 27, 2014"
1,3,21,24,31,46,30,Wednesday," December 24, 2014"
9,17,22,35,38,43,15,Saturday," December 20, 2014"
2,5,15,20,38,39,35,Wednesday," December 17, 2014"
14,23,25,31,33,38,5,Saturday," December 13, 2014"
1,2,7,16,27,30,18,Wednesday," December 10, 2014"
15,17,18,19,34,44,10,Saturday," December 6, 2014"
1,3,4,24,28,36,6,Wednesday," December 3, 2014"
9,20,24,26,43,47,45,Saturday," November 29, 2014"
5,10,11,12,32,33,39,Wednesday," November 26, 2014"
5,7,20,24,37,49,32,Saturday," November 22, 2014"
5,7,20,25,36,46,24,Wednesday," November 19, 2014"
1,3,23,35,41,46,18,Saturday," November 15, 2014"
2,17,20,41,42,44,4,Wednesday," November 12, 2014"
3,9,10,28,34,40,46,Saturday," November 8, 2014"
23,29,31,38,40,42,44,Wednesday," November 5, 2014"
3,5,26,37,39,45,7,Saturday," November 1, 2014"
6,25,29,34,39,44,22,Wednesday," October 29, 2014"
10,20,23,31,33,45,38,Saturday," October 25, 2014"
10,13,24,29,31,32,7,Wednesday," October 22, 2014"
6,30,35,37,41,43,22,Saturday," October 18, 2014"
4,11,14,25,30,36,32,Wednesday," October 15, 2014"
3,4,6,17,30,34,36,Saturday," October 11, 2014"
9,12,15,17,42,49,34,Wednesday," October 8, 2014"
8,13,27,35,45,49,9,Saturday," October 4, 2014"
17,21,27,37,48,49,11,Wednesday," October 1, 2014"
2,18,22,27,44,45,49,Saturday," September 27, 2014"
15,28,34,40,41,43,5,Wednesday," September 24, 2014"
4,10,20,23,27,45,48,Saturday," September 20, 2014"
3,8,10,19,31,33,40,Wednesday," September 17, 2014"
2,7,17,31,39,43,40,Saturday," September 13, 2014"
7,11,13,15,20,44,9,Wednesday," September 10, 2014"
4,6,17,28,35,46,18,Saturday," September 6, 2014"
5,13,15,22,45,47,27,Wednesday," September 3, 2014"
3,24,25,33,40,48,2,Saturday," August 30, 2014"
20,21,34,42,44,45,35,Wednesday," August 27, 2014"
10,17,24,28,31,46,15,Saturday," August 23, 2014"
7,8,10,20,30,31,3,Wednesday," August 20, 2014"
9,18,41,42,48,49,10,Saturday," August 16, 2014"
8,16,21,39,44,45,11,Wednesday," August 13, 2014"
2,12,30,32,37,40,39,Saturday," August 9, 2014"
8,10,11,21,24,44,12,Wednesday," August 6, 2014"
4,10,14,19,36,41,48,Saturday," August 2, 2014"
13,24,25,29,43,45,42,Wednesday," July 30, 2014"
6,16,18,30,37,39,7,Saturday," July 26, 2014"
20,29,33,35,38,43,1,Wednesday," July 23, 2014"
18,30,38,43,46,47,36,Saturday," July 19, 2014"
1,20,25,27,37,46,7,Wednesday," July 16, 2014"
2,3,7,14,41,42,40,Saturday," July 12, 2014"
20,25,28,31,37,41,16,Wednesday," July 9, 2014"
11,19,30,33,38,41,24,Saturday," July 5, 2014"
13,20,27,28,47,49,15,Wednesday," July 2, 2014"
10,28,32,37,43,46,45,Saturday," June 28, 2014"
1,10,24,28,39,45,43,Wednesday," June 25, 2014"
13,20,26,27,31,39,12,Saturday," June 21, 2014"
15,21,22,28,38,45,43,Wednesday," June 18, 2014"
7,15,25,38,44,47,10,Saturday," June 14, 2014"
4,27,33,38,41,46,14,Wednesday," June 11, 2014"
3,24,28,40,43,48,15,Saturday," June 7, 2014"
7,11,12,13,35,41,18,Wednesday," June 4, 2014"
19,28,30,32,37,45,44,Saturday," May 31, 2014"
13,23,28,31,34,38,8,Wednesday," May 28, 2014"
5,9,37,43,46,48,14,Saturday," May 24, 2014"
23,34,43,44,47,49,45,Wednesday," May 21, 2014"
24,33,35,40,43,49,16,Saturday," May 17, 2014"
2,25,27,28,31,47,20,Wednesday," May 14, 2014"
16,23,33,36,48,49,37,Saturday," May 10, 2014"
4,7,12,20,40,49,14,Wednesday," May 7, 2014"
1,7,11,17,27,47,34,Saturday," May 3, 2014"
3,9,25,32,35,45,23,Wednesday," April 30, 2014"
3,11,12,19,21,29,9,Saturday," April 26, 2014"
22,25,35,40,45,46,38,Wednesday," April 23, 2014"
6,15,40,41,42,44,4,Saturday," April 19, 2014"
3,16,26,40,41,49,14,Wednesday," April 16, 2014"
2,7,35,36,42,45,30,Saturday," April 12, 2014"
8,12,20,27,32,43,17,Wednesday," April 9, 2014"
13,16,17,23,27,37,3,Saturday," April 5, 2014"
9,11,32,36,38,40,26,Wednesday," April 2, 2014"
15,22,25,26,42,43,9,Saturday," March 29, 2014"
2,18,35,42,45,47,43,Wednesday," March 26, 2014"
3,6,12,14,25,28,36,Saturday," March 22, 2014"
13,24,28,34,45,49,21,Wednesday," March 19, 2014"
2,7,11,16,47,48,20,Saturday," March 15, 2014"
6,12,14,17,30,49,16,Wednesday," March 12, 2014"
11,16,18,33,34,35,28,Saturday," March 8, 2014"
7,26,31,38,46,47,12,Wednesday," March 5, 2014"
3,8,16,23,34,44,41,Saturday," March 1, 2014"
24,25,26,30,34,39,3,Wednesday," February 26, 2014"
9,13,19,22,33,34,20,Saturday," February 22, 2014"
2,7,15,24,37,45,13,Wednesday," February 19, 2014"
1,8,37,39,44,45,21,Saturday," February 15, 2014"
3,12,16,20,28,31,37,Wednesday," February 12, 2014"
2,5,16,36,41,43,25,Saturday," February 8, 2014"
3,16,18,21,28,47,5,Wednesday," February 5, 2014"
10,14,18,27,31,48,1,Saturday," February 1, 2014"
17,29,36,39,46,49,30,Wednesday," January 29, 2014"
6,15,22,23,41,43,37,Saturday," January 25, 2014"
4,16,18,25,36,40,11,Wednesday," January 22, 2014"
2,15,33,36,42,49,13,Saturday," January 18, 2014"
2,15,25,27,38,46,33,Wednesday," January 15, 2014"
3,11,15,21,23,33,32,Saturday," January 11, 2014"
1,12,17,22,29,44,35,Wednesday," January 8, 2014"
1,15,21,22,38,39,19,Saturday," January 4, 2014"
4,6,7,11,12,40,15,Wednesday," January 1, 2014"
17,19,21,30,39,44,16,Wednesday," December 30, 2015"
12,16,22,29,35,40,8,Saturday," December 26, 2015"
5,9,17,31,38,46,10,Wednesday," December 23, 2015"
4,15,20,23,27,49,25,Saturday," December 19, 2015"
7,20,33,36,39,48,21,Wednesday," December 16, 2015"
2,10,18,20,30,41,38,Saturday," December 12, 2015"
4,20,26,37,45,46,6,Wednesday," December 9, 2015"
10,11,17,24,26,29,12,Saturday," December 5, 2015"
5,20,33,34,38,48,21,Wednesday," December 2, 2015"
4,7,13,15,27,28,30,Saturday," November 28, 2015"
1,2,3,4,29,48,21,Wednesday," November 25, 2015"
7,16,28,29,48,49,9,Saturday," November 21, 2015"
3,8,25,27,36,38,32,Wednesday," November 18, 2015"
5,8,23,39,41,48,26,Saturday," November 14, 2015"
8,13,20,24,37,42,22,Wednesday," November 11, 2015"
2,3,9,17,20,21,11,Saturday," November 7, 2015"
2,4,20,35,39,42,28,Wednesday," November 4, 2015"
3,14,20,28,40,44,48,Saturday," October 31, 2015"
8,9,15,26,37,48,12,Wednesday," October 28, 2015"
1,13,28,34,37,45,32,Saturday," October 24, 2015"
8,17,22,33,40,49,27,Wednesday," October 21, 2015"
4,5,6,22,29,30,20,Saturday," October 17, 2015"
23,31,32,34,35,44,10,Wednesday," October 14, 2015"
8,12,22,27,35,41,16,Saturday," October 10, 2015"
4,10,19,31,38,43,5,Wednesday," October 7, 2015"
1,3,15,27,31,36,33,Saturday," October 3, 2015"
1,6,8,13,21,26,3,Wednesday," September 30, 2015"
6,13,14,24,32,34,12,Saturday," September 26, 2015"
7,13,19,35,42,44,46,Wednesday," September 23, 2015"
12,15,17,21,25,32,14,Saturday," September 19, 2015"
1,2,9,12,21,39,44,Wednesday," September 16, 2015"
9,10,26,29,38,42,33,Saturday," September 12, 2015"
15,16,29,30,42,44,37,Wednesday," September 9, 2015"
10,21,36,37,42,48,43,Saturday," September 5, 2015"
14,16,23,28,46,48,10,Wednesday," September 2, 2015"
13,30,36,40,42,46,22,Saturday," August 29, 2015"
5,7,24,45,46,49,44,Wednesday," August 26, 2015"
14,22,31,37,43,49,15,Saturday," August 22, 2015"
8,12,25,38,45,48,39,Wednesday," August 19, 2015"
5,11,20,26,29,36,49,Saturday," August 15, 2015"
20,24,27,28,38,48,2,Wednesday," August 12, 2015"
21,26,30,31,32,48,18,Saturday," August 8, 2015"
8,23,29,34,35,48,36,Wednesday," August 5, 2015"
1,4,7,9,12,37,27,Saturday," August 1, 2015"
1,8,29,31,35,39,23,Wednesday," July 29, 2015"
16,28,41,43,47,49,21,Saturday," July 25, 2015"
6,9,13,26,27,46,15,Wednesday," July 22, 2015"
2,12,22,28,41,48,5,Saturday," July 18, 2015"
11,18,38,40,43,46,26,Wednesday," July 15, 2015"
9,20,25,27,31,32,3,Saturday," July 11, 2015"
3,8,41,43,46,47,49,Wednesday," July 8, 2015"
20,22,23,24,39,41,26,Saturday," July 4, 2015"
21,29,32,40,43,44,19,Wednesday," July 1, 2015"
7,15,27,31,35,44,2,Saturday," June 27, 2015"
9,13,15,18,21,46,25,Wednesday," June 24, 2015"
10,11,30,33,41,44,20,Saturday," June 20, 2015"
6,7,17,18,20,32,4,Wednesday," June 17, 2015"
5,8,21,31,40,45,19,Saturday," June 13, 2015"
26,37,40,43,44,45,3,Wednesday," June 10, 2015"
8,12,22,35,38,44,27,Saturday," June 6, 2015"
26,28,33,35,37,46,47,Wednesday," June 3, 2015"
4,9,17,27,36,49,21,Saturday," May 30, 2015"
23,27,36,41,43,47,35,Wednesday," May 27, 2015"
8,23,24,31,35,44,49,Saturday," May 23, 2015"
2,4,12,17,18,47,14,Wednesday," May 20, 2015"
1,12,22,25,35,45,9,Saturday," May 16, 2015"
3,16,24,40,41,48,20,Wednesday," May 13, 2015"
1,16,21,22,33,43,7,Saturday," May 9, 2015"
13,16,19,24,27,30,48,Wednesday," May 6, 2015"
2,8,17,23,40,42,25,Saturday," May 2, 2015"
10,21,34,37,45,49,43,Wednesday," April 29, 2015"
7,13,23,25,40,41,48,Saturday," April 25, 2015"
4,24,27,35,38,48,44,Wednesday," April 22, 2015"
11,25,33,35,44,49,43,Saturday," April 18, 2015"
11,13,25,34,41,45,4,Wednesday," April 15, 2015"
5,8,22,23,27,37,11,Saturday," April 11, 2015"
2,4,14,16,18,19,25,Wednesday," April 8, 2015"
2,9,32,33,35,49,4,Saturday," April 4, 2015"
4,7,12,16,22,24,41,Wednesday," April 1, 2015"
12,15,21,23,40,48,8,Saturday," March 28, 2015"
6,14,16,29,38,46,5,Wednesday," March 25, 2015"
8,22,29,32,33,35,2,Saturday," March 21, 2015"
16,17,37,39,41,45,14,Wednesday," March 18, 2015"
9,19,38,40,45,47,13,Saturday," March 14, 2015"
7,9,21,40,44,45,42,Wednesday," March 11, 2015"
4,10,15,18,26,41,16,Saturday," March 7, 2015"
2,10,14,19,28,33,48,Wednesday," March 4, 2015"
5,14,39,42,46,49,17,Saturday," February 28, 2015"
15,17,25,29,30,35,14,Wednesday," February 25, 2015"
3,4,9,14,23,48,26,Saturday," February 21, 2015"
3,6,11,15,20,37,31,Wednesday," February 18, 2015"
9,10,15,18,21,37,20,Saturday," February 14, 2015"
1,13,24,29,43,49,8,Wednesday," February 11, 2015"
14,16,24,41,42,48,34,Saturday," February 7, 2015"
6,8,10,22,30,43,23,Wednesday," February 4, 2015"
9,13,18,20,24,36,5,Saturday," January 31, 2015"
3,4,5,8,33,38,14,Wednesday," January 28, 2015"
2,8,9,11,21,39,37,Saturday," January 24, 2015"
3,15,17,35,44,46,23,Wednesday," January 21, 2015"
9,15,21,27,35,40,5,Saturday," January 17, 2015"
15,16,17,28,33,44,36,Wednesday," January 14, 2015"
1,11,23,25,27,30,43,Saturday," January 10, 2015"
10,16,31,36,38,47,22,Wednesday," January 7, 2015"
12,21,28,37,40,43,38,Saturday," January 3, 2015"
3,5,14,18,26,28,40,Saturday," December 31, 2016"
1,5,10,15,40,41,27,Wednesday," December 28, 2016"
15,20,23,27,39,48,34,Saturday," December 24, 2016"
16,27,30,38,47,49,8,Wednesday," December 21, 2016"
9,16,26,27,32,34,37,Saturday," December 17, 2016"
20,22,40,41,42,47,15,Wednesday," December 14, 2016"
3,37,40,41,47,49,6,Saturday," December 10, 2016"
6,7,12,32,34,46,33,Wednesday," December 7, 2016"
3,4,7,19,30,48,21,Saturday," December 3, 2016"
15,16,20,24,26,31,37,Wednesday," November 30, 2016"
13,14,31,39,42,45,44,Saturday," November 26, 2016"
6,12,13,21,31,42,22,Wednesday," November 23, 2016"
9,11,21,26,28,45,49,Saturday," November 19, 2016"
3,5,6,9,33,47,19,Wednesday," November 16, 2016"
2,4,6,22,25,42,44,Saturday," November 12, 2016"
6,9,30,37,43,49,18,Wednesday," November 9, 2016"
11,17,26,27,37,48,31,Saturday," November 5, 2016"
4,7,9,21,25,42,49,Wednesday," November 2, 2016"
21,25,26,29,36,45,38,Saturday," October 29, 2016"
15,17,24,27,42,47,39,Wednesday," October 26, 2016"
13,24,29,31,33,47,43,Saturday," October 22, 2016"
4,21,28,33,38,41,23,Wednesday," October 19, 2016"
8,29,30,37,41,44,6,Saturday," October 15, 2016"
8,28,31,40,42,47,37,Wednesday," October 12, 2016"
3,27,33,38,42,48,32,Saturday," October 8, 2016"
1,3,31,32,39,49,48,Wednesday," October 5, 2016"
7,18,22,31,38,39,2,Saturday," October 1, 2016"
8,11,14,19,42,49,24,Wednesday," September 28, 2016"
2,5,17,23,33,47,9,Saturday," September 24, 2016"
6,21,33,36,39,46,24,Wednesday," September 21, 2016"
14,16,25,39,45,47,26,Saturday," September 17, 2016"
3,5,17,18,35,46,10,Wednesday," September 14, 2016"
6,13,22,39,40,41,27,Saturday," September 10, 2016"
4,8,30,31,35,43,42,Wednesday," September 7, 2016"
1,15,17,20,23,43,44,Saturday," September 3, 2016"
8,10,17,36,39,44,40,Wednesday," August 31, 2016"
3,14,16,33,47,48,29,Saturday," August 27, 2016"
4,17,22,30,36,38,3,Wednesday," August 24, 2016"
11,20,26,32,39,43,49,Saturday," August 20, 2016"
2,12,19,38,41,47,46,Wednesday," August 17, 2016"
3,4,15,17,38,47,36,Saturday," August 13, 2016"
6,25,26,29,37,43,41,Wednesday," August 10, 2016"
2,7,22,26,32,38,20,Saturday," August 6, 2016"
23,30,38,40,43,45,10,Wednesday," August 3, 2016"
4,5,9,19,22,23,16,Saturday," July 30, 2016"
6,7,9,39,47,49,15,Wednesday," July 27, 2016"
7,18,34,41,48,49,29,Saturday," July 23, 2016"
14,15,16,43,44,46,38,Wednesday," July 20, 2016"
15,25,26,33,38,47,27,Saturday," July 16, 2016"
2,7,25,30,34,36,6,Wednesday," July 13, 2016"
23,28,30,32,42,44,24,Saturday," July 9, 2016"
7,12,22,35,39,43,13,Wednesday," July 6, 2016"
1,16,28,33,39,45,13,Saturday," July 2, 2016"
8,11,20,24,41,42,47,Wednesday," June 29, 2016"
4,5,6,8,39,42,30,Saturday," June 25, 2016"
5,15,17,18,37,42,44,Wednesday," June 22, 2016"
7,8,22,32,40,45,25,Saturday," June 18, 2016"
7,16,22,27,35,49,11,Wednesday," June 15, 2016"
9,28,36,37,40,46,47,Saturday," June 11, 2016"
6,23,34,35,38,44,21,Wednesday," June 8, 2016"
3,4,6,10,18,26,14,Saturday," June 4, 2016"
2,10,14,23,26,31,12,Wednesday," June 1, 2016"
18,29,31,36,43,47,23,Saturday," May 28, 2016"
4,17,18,24,29,39,21,Wednesday," May 25, 2016"
6,10,37,39,42,48,28,Saturday," May 21, 2016"
4,11,21,25,44,47,3,Wednesday," May 18, 2016"
8,21,24,33,41,46,29,Saturday," May 14, 2016"
4,23,25,36,47,48,3,Wednesday," May 11, 2016"
6,8,25,31,32,33,1,Saturday," May 7, 2016"
4,16,19,22,36,40,21,Wednesday," May 4, 2016"
1,7,18,28,30,34,48,Saturday," April 30, 2016"
3,18,28,29,37,43,47,Wednesday," April 27, 2016"
14,29,37,41,48,49,31,Saturday," April 23, 2016"
1,2,7,9,18,27,5,Wednesday," April 20, 2016"
9,12,21,37,38,43,31,Saturday," April 16, 2016"
10,14,23,41,42,47,19,Wednesday," April 13, 2016"
12,29,34,44,47,49,37,Saturday," April 9, 2016"
1,3,5,8,13,31,21,Wednesday," April 6, 2016"
2,15,21,40,41,44,23,Saturday," April 2, 2016"
14,27,28,30,45,46,44,Wednesday," March 30, 2016"
9,11,20,22,37,46,47,Saturday," March 26, 2016"
4,6,13,28,29,36,9,Wednesday," March 23, 2016"
1,10,11,12,19,27,29,Saturday," March 19, 2016"
1,3,7,16,17,37,35,Wednesday," March 16, 2016"
6,27,30,34,35,42,16,Saturday," March 12, 2016"
3,5,11,16,21,45,29,Wednesday," March 9, 2016"
7,13,27,33,35,36,5,Saturday," March 5, 2016"
20,27,30,32,34,40,9,Wednesday," March 2, 2016"
4,11,20,23,41,45,22,Saturday," February 27, 2016"
14,18,35,38,41,43,15,Wednesday," February 24, 2016"
4,8,10,30,33,39,25,Saturday," February 20, 2016"
7,21,28,32,38,42,5,Wednesday," February 17, 2016"
2,9,25,27,31,42,18,Saturday," February 13, 2016"
8,13,33,34,38,43,12,Wednesday," February 10, 2016"
7,19,25,26,31,44,35,Saturday," February 6, 2016"
20,23,34,38,43,47,15,Wednesday," February 3, 2016"
4,5,32,37,38,44,34,Saturday," January 30, 2016"
4,13,24,36,39,41,47,Wednesday," January 27, 2016"
21,31,34,37,38,44,9,Saturday," January 23, 2016"
7,19,32,39,40,48,45,Wednesday," January 20, 2016"
9,21,29,34,38,42,13,Saturday," January 16, 2016"
6,8,25,39,46,47,28,Wednesday," January 13, 2016"
5,22,30,33,45,48,29,Saturday," January 9, 2016"
2,35,37,39,43,44,20,Wednesday," January 6, 2016"
10,12,16,20,27,36,25,Saturday," January 2, 2016"
8,12,23,25,45,47,43,Saturday," December 30, 2017"
4,7,10,14,27,31,1,Wednesday," December 27, 2017"
8,11,22,29,39,40,30,Saturday," December 23, 2017"
3,4,28,30,34,41,31,Wednesday," December 20, 2017"
2,13,24,26,31,41,40,Saturday," December 16, 2017"
12,29,30,40,45,48,27,Wednesday," December 13, 2017"
8,10,11,14,19,33,30,Saturday," December 9, 2017"
6,9,16,19,21,28,35,Wednesday," December 6, 2017"
10,12,29,33,47,48,24,Saturday," December 2, 2017"
11,18,27,33,37,43,20,Wednesday," November 29, 2017"
16,17,21,31,39,49,29,Saturday," November 25, 2017"
26,28,31,36,38,45,18,Wednesday," November 22, 2017"
9,16,18,22,23,40,13,Saturday," November 18, 2017"
18,25,29,30,36,48,47,Wednesday," November 15, 2017"
15,21,24,31,37,42,32,Saturday," November 11, 2017"
22,24,25,32,39,42,45,Wednesday," November 8, 2017"
1,3,6,21,22,33,19,Saturday," November 4, 2017"
1,23,29,32,45,49,16,Wednesday," November 1, 2017"
8,15,25,30,31,32,1,Saturday," October 28, 2017"
6,31,37,40,41,42,44,Wednesday," October 25, 2017"
3,24,26,30,34,49,47,Saturday," October 21, 2017"
11,25,33,35,40,42,15,Wednesday," October 18, 2017"
16,22,28,29,32,34,43,Saturday," October 14, 2017"
18,24,32,36,37,44,9,Wednesday," October 11, 2017"
8,22,28,40,46,49,9,Saturday," October 7, 2017"
4,6,10,11,20,35,43,Wednesday," October 4, 2017"
6,27,33,38,40,47,16,Saturday," September 30, 2017"
2,16,19,20,23,34,9,Wednesday," September 27, 2017"
4,11,15,20,35,47,25,Saturday," September 23, 2017"
6,17,29,37,45,47,39,Wednesday," September 20, 2017"
9,17,19,26,37,47,13,Saturday," September 16, 2017"
18,22,24,28,29,33,7,Wednesday," September 13, 2017"
5,9,18,29,39,47,35,Saturday," September 9, 2017"
9,15,18,21,24,28,14,Wednesday," September 6, 2017"
9,19,26,27,42,46,21,Saturday," September 2, 2017"
21,23,31,33,36,38,9,Wednesday," August 30, 2017"
5,7,32,38,40,46,47,Saturday," August 26, 2017"
9,15,24,33,40,46,38,Wednesday," August 23, 2017"
2,13,27,45,48,49,19,Saturday," August 19, 2017"
25,29,30,31,33,47,34,Wednesday," August 16, 2017"
5,8,13,25,33,45,38,Saturday," August 12, 2017"
16,23,28,38,41,43,19,Wednesday," August 9, 2017"
18,21,36,41,45,47,17,Saturday," August 5, 2017"
13,16,24,25,38,43,48,Wednesday," August 2, 2017"
12,15,17,31,47,49,26,Saturday," July 29, 2017"
1,2,18,26,36,44,49,Wednesday," July 26, 2017"
5,8,17,32,38,45,18,Saturday," July 22, 2017"
2,5,10,11,27,39,48,Wednesday," July 19, 2017"
10,12,27,29,34,48,39,Saturday," July 15, 2017"
12,13,30,41,45,49,16,Wednesday," July 12, 2017"
20,25,26,32,34,36,9,Saturday," July 8, 2017"
4,9,33,36,47,49,10,Wednesday," July 5, 2017"
15,16,22,33,37,41,27,Saturday," July 1, 2017"
8,21,25,34,46,48,4,Wednesday," June 28, 2017"
3,11,16,40,43,46,36,Saturday," June 24, 2017"
2,12,34,39,41,45,21,Wednesday," June 21, 2017"
5,6,18,21,36,44,32,Saturday," June 17, 2017"
17,24,26,27,35,49,33,Wednesday," June 14, 2017"
3,4,21,31,33,48,26,Saturday," June 10, 2017"
16,19,23,30,33,40,46,Wednesday," June 7, 2017"
7,12,32,36,40,44,45,Saturday," June 3, 2017"
1,3,8,9,12,40,2,Wednesday," May 31, 2017"
7,15,25,26,27,36,12,Saturday," May 27, 2017"
3,5,9,22,37,46,10,Wednesday," May 24, 2017"
5,8,10,20,33,34,45,Saturday," May 20, 2017"
9,17,36,38,41,45,39,Wednesday," May 17, 2017"
18,19,22,26,30,47,43,Saturday," May 13, 2017"
6,7,8,21,27,38,23,Wednesday," May 10, 2017"
6,7,9,11,34,38,8,Saturday," May 6, 2017"
1,5,7,16,28,46,30,Wednesday," May 3, 2017"
10,23,26,40,45,46,12,Saturday," April 29, 2017"
9,10,11,13,45,49,24,Wednesday," April 26, 2017"
4,7,15,16,43,48,26,Saturday," April 22, 2017"
4,11,21,24,44,49,41,Wednesday," April 19, 2017"
11,19,22,23,41,46,5,Saturday," April 15, 2017"
7,19,37,38,41,42,11,Wednesday," April 12, 2017"
4,9,10,15,38,39,49,Saturday," April 8, 2017"
3,10,19,30,44,48,40,Wednesday," April 5, 2017"
27,40,41,42,45,46,20,Saturday," April 1, 2017"
3,12,16,17,22,30,48,Wednesday," March 29, 2017"
5,9,14,24,30,35,21,Saturday," March 25, 2017"
2,3,5,27,40,46,28,Wednesday," March 22, 2017"
6,16,29,33,41,48,23,Saturday," March 18, 2017"
16,17,21,34,37,46,3,Wednesday," March 15, 2017"
6,10,11,23,42,47,44,Saturday," March 11, 2017"
10,17,24,28,35,36,40,Wednesday," March 8, 2017"
5,16,24,31,38,47,42,Saturday," March 4, 2017"
6,14,17,18,31,43,38,Wednesday," March 1, 2017"
21,23,31,33,38,42,22,Saturday," February 25, 2017"
9,21,25,26,31,41,11,Wednesday," February 22, 2017"
11,13,14,20,43,49,25,Saturday," February 18, 2017"
1,16,17,24,41,46,22,Wednesday," February 15, 2017"
10,11,21,28,38,44,17,Saturday," February 11, 2017"
3,4,8,12,13,46,26,Wednesday," February 8, 2017"
2,8,9,13,41,44,27,Saturday," February 4, 2017"
5,9,11,36,42,43,41,Wednesday," February 1, 2017"
9,10,23,28,41,47,17,Saturday," January 28, 2017"
2,14,19,28,42,44,34,Wednesday," January 25, 2017"
8,22,23,36,40,42,5,Saturday," January 21, 2017"
10,17,20,24,33,35,28,Wednesday," January 18, 2017"
1,6,19,30,32,44,33,Saturday," January 14, 2017"
24,34,36,38,42,43,30,Wednesday," January 11, 2017"
1,10,18,19,23,27,48,Saturday," January 7, 2017"
2,11,13,23,35,48,30,Wednesday," January 4, 2017"
11,16,17,22,29,47,32,Saturday," December 29, 2018"
2,14,27,36,38,48,40,Wednesday," December 26, 2018"
11,16,17,22,25,33,40,Saturday," December 22, 2018"
1,9,31,32,34,45,5,Wednesday," December 19, 2018"
11,12,22,36,46,47,7,Saturday," December 15, 2018"
10,13,23,27,31,42,17,Wednesday," December 12, 2018"
4,13,25,33,41,49,1,Saturday," December 8, 2018"
11,13,18,23,26,46,12,Wednesday," December 5, 2018"
10,14,16,27,33,47,30,Saturday," December 1, 2018"
3,17,21,29,47,49,7,Wednesday," November 28, 2018"
9,10,23,37,45,49,18,Saturday," November 24, 2018"
2,10,13,25,40,42,38,Wednesday," November 21, 2018"
5,17,18,34,44,45,27,Saturday," November 17, 2018"
5,10,20,23,35,42,44,Wednesday," November 14, 2018"
6,9,16,20,31,41,49,Saturday," November 10, 2018"
2,10,13,16,31,43,8,Wednesday," November 7, 2018"
7,8,24,32,42,48,45,Saturday," November 3, 2018"
4,9,11,15,25,27,5,Wednesday," October 31, 2018"
10,18,21,29,35,37,24,Saturday," October 27, 2018"
4,11,19,23,24,34,20,Wednesday," October 24, 2018"
4,12,16,25,30,31,8,Saturday," October 20, 2018"
10,32,37,45,46,47,6,Wednesday," October 17, 2018"
25,27,31,41,44,45,16,Saturday," October 13, 2018"
3,15,16,20,22,23,24,Wednesday," October 10, 2018"
20,23,24,33,37,48,22,Saturday," October 6, 2018"
15,32,38,40,44,45,2,Wednesday," October 3, 2018"
1,6,7,10,31,49,39,Saturday," September 29, 2018"
5,7,9,35,42,45,31,Wednesday," September 26, 2018"
19,34,36,39,40,49,2,Saturday," September 22, 2018"
3,9,15,17,23,45,18,Wednesday," September 19, 2018"
3,4,18,24,32,36,19,Saturday," September 15, 2018"
14,21,27,32,35,43,41,Wednesday," September 12, 2018"
8,10,31,41,46,47,45,Saturday," September 8, 2018"
4,6,15,32,36,47,48,Wednesday," September 5, 2018"
8,12,15,34,37,44,45,Saturday," September 1, 2018"
7,8,14,23,35,40,39,Wednesday," August 29, 2018"
3,6,12,24,43,49,46,Saturday," August 25, 2018"
3,4,19,30,37,40,10,Wednesday," August 22, 2018"
6,8,9,11,18,48,13,Saturday," August 18, 2018"
2,17,25,27,37,42,29,Wednesday," August 15, 2018"
2,9,16,27,38,41,34,Saturday," August 11, 2018"
9,18,21,22,29,37,17,Wednesday," August 8, 2018"
3,9,11,21,24,45,43,Saturday," August 4, 2018"
13,19,22,29,36,42,35,Wednesday," August 1, 2018"
5,11,17,20,28,45,7,Saturday," July 28, 2018"
2,7,15,31,33,42,20,Wednesday," July 25, 2018"
2,9,22,26,27,30,41,Saturday," July 21, 2018"
3,14,16,19,44,48,1,Wednesday," July 18, 2018"
8,10,12,17,22,37,29,Saturday," July 14, 2018"
1,9,11,38,45,48,25,Wednesday," July 11, 2018"
1,3,25,40,44,47,2,Saturday," July 7, 2018"
6,25,37,44,47,49,26,Wednesday," July 4, 2018"
2,3,7,11,16,20,17,Saturday," June 30, 2018"
4,6,10,13,14,28,47,Wednesday," June 27, 2018"
8,11,31,36,41,45,40,Saturday," June 23, 2018"
14,24,31,35,37,48,17,Wednesday," June 20, 2018"
2,15,21,31,38,49,8,Saturday," June 16, 2018"
6,22,24,31,32,34,16,Wednesday," June 13, 2018"
19,25,31,36,46,47,26,Saturday," June 9, 2018"
10,15,23,38,40,41,35,Wednesday," June 6, 2018"
2,26,32,40,45,49,29,Saturday," June 2, 2018"
9,14,17,21,38,39,22,Wednesday," May 30, 2018"
12,13,16,23,39,44,2,Saturday," May 26, 2018"
4,9,15,20,42,44,31,Wednesday," May 23, 2018"
14,15,28,34,38,44,30,Saturday," May 19, 2018"
19,21,28,30,39,46,7,Wednesday," May 16, 2018"
6,17,21,34,37,44,13,Saturday," May 12, 2018"
15,17,21,24,36,37,32,Wednesday," May 9, 2018"
4,18,24,26,33,48,34,Saturday," May 5, 2018"
4,7,28,36,37,49,21,Wednesday," May 2, 2018"
24,31,33,34,44,46,10,Saturday," April 28, 2018"
10,14,15,16,40,46,6,Wednesday," April 25, 2018"
12,19,20,30,41,49,9,Saturday," April 21, 2018"
12,17,19,22,27,39,38,Wednesday," April 18, 2018"
1,11,19,36,48,49,9,Saturday," April 14, 2018"
3,7,10,32,41,43,33,Wednesday," April 11, 2018"
18,22,36,40,47,49,32,Saturday," April 7, 2018"
6,8,9,13,34,40,4,Wednesday," April 4, 2018"
3,7,22,26,43,47,48,Saturday," March 31, 2018"
11,12,19,24,28,46,39,Wednesday," March 28, 2018"
9,11,28,30,45,49,5,Saturday," March 24, 2018"
1,5,9,12,39,41,28,Wednesday," March 21, 2018"
16,17,35,43,44,46,49,Saturday," March 17, 2018"
1,9,10,19,33,43,21,Wednesday," March 14, 2018"
2,10,28,43,44,48,39,Saturday," March 10, 2018"
6,30,33,38,45,46,40,Wednesday," March 7, 2018"
12,17,25,30,32,39,47,Saturday," March 3, 2018"
3,14,36,38,40,48,23,Wednesday," February 28, 2018"
3,13,19,26,33,44,5,Saturday," February 24, 2018"
10,11,24,25,30,49,47,Wednesday," February 21, 2018"
18,29,31,36,47,48,17,Saturday," February 17, 2018"
8,15,17,22,30,43,13,Wednesday," February 14, 2018"
18,20,21,22,30,33,26,Saturday," February 10, 2018"
3,8,11,18,28,45,6,Wednesday," February 7, 2018"
10,13,16,23,36,44,42,Saturday," February 3, 2018"
1,7,27,31,34,39,3,Wednesday," January 31, 2018"
7,8,13,24,28,35,26,Saturday," January 27, 2018"
9,20,21,28,34,35,33,Wednesday," January 24, 2018"
6,10,14,27,30,40,5,Saturday," January 20, 2018"
6,24,34,39,43,44,8,Wednesday," January 17, 2018"
21,26,32,40,42,44,12,Saturday," January 13, 2018"
9,10,19,23,28,49,15,Wednesday," January 10, 2018"
12,25,36,39,42,45,29,Saturday," January 6, 2018"
3,13,20,35,37,39,14,Wednesday," January 3, 2018"
2,4,12,18,29,41,30,Saturday," December 28, 2019"
17,24,28,33,36,45,48,Wednesday," December 25, 2019"
16,18,19,45,47,48,21,Saturday," December 21, 2019"
18,22,25,36,38,44,8,Wednesday," December 18, 2019"
9,12,17,23,41,44,3,Saturday," December 14, 2019"
7,17,21,34,47,48,27,Wednesday," December 11, 2019"
18,32,36,37,38,45,13,Saturday," December 7, 2019"
2,3,4,10,21,43,19,Wednesday," December 4, 2019"
1,8,18,24,30,45,13,Saturday," November 30, 2019"
13,15,16,20,39,42,27,Wednesday," November 27, 2019"
16,19,24,29,31,36,8,Saturday," November 23, 2019"
4,20,29,30,36,45,22,Wednesday," November 20, 2019"
2,3,4,11,27,47,17,Saturday," November 16, 2019"
1,19,31,44,46,49,3,Wednesday," November 13, 2019"
12,31,36,37,46,49,43,Saturday," November 9, 2019"
6,8,13,14,35,40,26,Wednesday," November 6, 2019"
8,16,19,20,39,43,28,Saturday," November 2, 2019"
23,30,33,34,41,45,31,Wednesday," October 30, 2019"
4,12,15,26,43,44,2,Saturday," October 26, 2019"
11,13,24,28,40,46,44,Wednesday," October 23, 2019"
2,16,28,47,48,49,35,Saturday," October 19, 2019"
2,4,9,24,44,45,18,Wednesday," October 16, 2019"
13,16,25,32,33,41,2,Saturday," October 12, 2019"
5,14,18,33,40,44,16,Wednesday," October 9, 2019"
14,15,35,38,42,46,12,Saturday," October 5, 2019"
20,28,29,41,45,46,27,Wednesday," October 2, 2019"
1,4,5,7,21,40,41,Saturday," September 28, 2019"
16,25,28,29,39,47,17,Wednesday," September 25, 2019"
1,2,4,32,38,39,21,Saturday," September 21, 2019"
3,10,15,23,45,47,9,Wednesday," September 18, 2019"
6,13,28,29,35,43,25,Saturday," September 14, 2019"
2,4,27,36,45,49,41,Wednesday," September 11, 2019"
25,28,37,38,42,48,34,Saturday," September 7, 2019"
1,4,5,17,21,29,46,Wednesday," September 4, 2019"
2,21,22,24,48,49,23,Saturday," August 31, 2019"
1,10,18,39,43,47,26,Wednesday," August 28, 2019"
3,7,8,14,20,24,31,Saturday," August 24, 2019"
2,17,24,25,40,43,16,Wednesday," August 21, 2019"
4,31,34,39,41,48,43,Saturday," August 17, 2019"
9,14,18,31,32,41,38,Wednesday," August 14, 2019"
2,3,20,33,48,49,32,Saturday," August 10, 2019"
5,8,9,19,28,31,18,Wednesday," August 7, 2019"
4,14,17,22,26,46,47,Saturday," August 3, 2019"
2,11,19,35,39,48,17,Wednesday," July 31, 2019"
1,3,5,34,38,43,49,Saturday," July 27, 2019"
2,8,10,18,37,48,29,Wednesday," July 24, 2019"
4,21,30,41,44,46,5,Saturday," July 20, 2019"
21,24,33,36,41,42,3,Wednesday," July 17, 2019"
5,11,12,33,37,45,2,Saturday," July 13, 2019"
7,15,22,28,43,49,45,Wednesday," July 10, 2019"
10,28,38,39,40,43,45,Saturday," July 6, 2019"
13,21,26,30,38,39,19,Wednesday," July 3, 2019"
2,5,19,21,29,46,15,Saturday," June 29, 2019"
4,10,17,24,26,33,2,Wednesday," June 26, 2019"
15,16,34,35,38,44,43,Saturday," June 22, 2019"
21,31,41,45,46,47,39,Wednesday," June 19, 2019"
10,19,24,30,35,49,32,Saturday," June 15, 2019"
22,23,31,38,47,48,10,Wednesday," June 12, 2019"
9,12,15,20,24,43,36,Saturday," June 8, 2019"
6,21,35,46,48,49,14,Wednesday," June 5, 2019"
16,29,34,35,47,49,10,Saturday," June 1, 2019"
4,5,15,38,41,42,36,Wednesday," May 29, 2019"
12,19,22,25,45,49,28,Saturday," May 25, 2019"
13,19,22,25,32,35,48,Wednesday," May 22, 2019"
7,8,13,27,28,34,2,Saturday," May 18, 2019"
5,6,32,40,42,47,17,Wednesday," May 15, 2019"
3,12,26,27,34,46,29,Saturday," May 11, 2019"
18,19,22,30,41,48,47,Wednesday," May 8, 2019"
3,4,12,21,41,49,5,Saturday," May 4, 2019"
23,27,28,34,38,43,48,Wednesday," May 1, 2019"
5,6,11,16,19,27,24,Saturday," April 27, 2019"
6,10,16,17,41,43,18,Wednesday," April 24, 2019"
11,15,32,34,44,47,3,Saturday," April 20, 2019"
10,11,20,26,38,43,3,Wednesday," April 17, 2019"
4,5,15,23,38,45,12,Saturday," April 13, 2019"
10,16,23,38,39,48,33,Wednesday," April 10, 2019"
6,19,30,37,38,49,34,Saturday," April 6, 2019"
12,17,29,35,40,47,23,Wednesday," April 3, 2019"
7,14,18,26,31,32,3,Saturday," March 30, 2019"
16,19,22,28,34,48,49,Wednesday," March 27, 2019"
3,6,20,22,23,24,19,Saturday," March 23, 2019"
2,8,17,21,22,26,5,Wednesday," March 20, 2019"
9,12,15,20,25,45,16,Saturday," March 16, 2019"
4,13,18,21,26,31,33,Wednesday," March 13, 2019"
22,23,26,34,42,46,3,Saturday," March 9, 2019"
1,3,18,19,22,37,30,Wednesday," March 6, 2019"
4,14,21,29,41,49,35,Saturday," March 2, 2019"
4,13,22,25,29,39,6,Wednesday," February 27, 2019"
5,6,10,43,46,47,27,Saturday," February 23, 2019"
21,22,23,30,33,43,42,Wednesday," February 20, 2019"
3,9,10,20,21,35,31,Saturday," February 16, 2019"
5,19,24,29,36,41,9,Wednesday," February 13, 2019"
1,24,35,41,42,49,18,Saturday," February 9, 2019"
1,16,27,28,36,39,9,Wednesday," February 6, 2019"
14,16,25,29,30,48,12,Saturday," February 2, 2019"
3,7,27,37,43,48,45,Wednesday," January 30, 2019"
3,7,10,12,14,25,36,Saturday," January 26, 2019"
3,19,20,26,31,38,6,Wednesday," January 23, 2019"
2,13,32,39,44,49,10,Saturday," January 19, 2019"
4,10,11,34,46,48,23,Wednesday," January 16, 2019"
10,13,21,30,46,48,23,Saturday," January 12, 2019"
1,10,27,38,44,47,41,Wednesday," January 9, 2019"
4,10,38,40,45,48,43,Saturday," January 5, 2019"
13,18,19,36,37,43,49,Wednesday," January 2, 2019"
7,14,30,32,38,45,6,Wednesday," December 30, 2020"
21,26,28,33,34,42,43,Saturday," December 26, 2020"
7,15,24,31,33,34,3,Wednesday," December 23, 2020"
1,8,10,11,17,35,41,Saturday," December 19, 2020"
10,12,20,25,31,34,42,Wednesday," December 16, 2020"
27,28,29,36,46,48,49,Saturday," December 12, 2020"
10,11,14,19,27,39,40,Wednesday," December 9, 2020"
3,10,13,21,27,45,23,Saturday," December 5, 2020"
22,24,28,41,47,49,21,Wednesday," December 2, 2020"
3,4,16,23,26,44,18,Saturday," November 28, 2020"
13,14,31,33,37,46,40,Wednesday," November 25, 2020"
16,19,21,34,37,47,25,Saturday," November 21, 2020"
7,14,21,28,30,32,22,Wednesday," November 18, 2020"
1,2,13,30,35,38,45,Saturday," November 14, 2020"
6,14,18,23,31,47,44,Wednesday," November 11, 2020"
1,16,19,24,26,47,29,Saturday," November 7, 2020"
2,9,13,18,40,46,34,Wednesday," November 4, 2020"
5,8,18,22,41,48,23,Saturday," October 31, 2020"
2,3,16,25,34,46,49,Wednesday," October 28, 2020"
4,9,17,20,26,31,34,Saturday," October 24, 2020"
26,28,32,37,40,47,10,Wednesday," October 21, 2020"
7,8,9,24,25,34,14,Saturday," October 17, 2020"
10,18,20,38,39,44,40,Wednesday," October 14, 2020"
6,23,24,29,36,38,25,Saturday," October 10, 2020"
4,5,12,13,18,19,34,Wednesday," October 7, 2020"
12,22,24,37,39,43,16,Saturday," October 3, 2020"
13,16,20,21,27,48,15,Wednesday," September 30, 2020"
8,27,29,33,40,49,2,Saturday," September 26, 2020"
11,17,28,29,36,39,15,Wednesday," September 23, 2020"
5,15,31,35,42,46,17,Saturday," September 19, 2020"
6,12,23,29,44,46,39,Wednesday," September 16, 2020"
5,13,19,37,42,45,40,Saturday," September 12, 2020"
3,5,9,19,29,37,42,Wednesday," September 9, 2020"
1,8,10,33,34,38,4,Saturday," September 5, 2020"
1,5,15,23,25,31,40,Wednesday," September 2, 2020"
3,13,21,24,29,40,35,Saturday," August 29, 2020"
6,8,20,23,35,39,11,Wednesday," August 26, 2020"
19,25,34,36,40,43,32,Saturday," August 22, 2020"
2,17,32,37,39,42,9,Wednesday," August 19, 2020"
6,7,11,18,22,43,9,Saturday," August 15, 2020"
16,24,27,43,48,49,39,Wednesday," August 12, 2020"
1,20,21,23,40,46,28,Saturday," August 8, 2020"
3,14,23,30,38,43,24,Wednesday," August 5, 2020"
12,13,17,22,39,40,25,Saturday," August 1, 2020"
1,11,17,19,22,45,14,Wednesday," July 29, 2020"
6,21,34,44,45,48,33,Saturday," July 25, 2020"
5,14,19,42,46,47,8,Wednesday," July 22, 2020"
5,23,37,40,44,45,47,Saturday," July 18, 2020"
5,7,17,22,43,44,14,Wednesday," July 15, 2020"
16,22,31,36,43,44,46,Saturday," July 11, 2020"
11,26,28,35,37,47,8,Wednesday," July 8, 2020"
15,20,27,34,38,42,47,Saturday," July 4, 2020"
1,12,27,30,34,49,35,Wednesday," July 1, 2020"
1,13,14,24,36,44,7,Saturday," June 27, 2020"
6,16,23,39,47,48,33,Wednesday," June 24, 2020"
14,22,29,36,48,49,19,Saturday," June 20, 2020"
5,10,18,29,32,48,6,Wednesday," June 17, 2020"
3,31,34,38,45,48,12,Saturday," June 13, 2020"
3,13,25,33,34,45,14,Wednesday," June 10, 2020"
6,22,38,45,48,49,2,Saturday," June 6, 2020"
2,15,20,22,29,39,13,Wednesday," June 3, 2020"
11,17,27,28,30,43,35,Saturday," May 30, 2020"
7,17,18,22,28,34,1,Wednesday," May 27, 2020"
4,25,27,28,35,44,9,Saturday," May 23, 2020"
8,23,25,34,37,47,4,Wednesday," May 20, 2020"
1,6,7,14,26,48,49,Saturday," May 16, 2020"
3,10,21,35,38,48,28,Wednesday," May 13, 2020"
13,14,15,35,45,47,9,Saturday," May 9, 2020"
6,29,34,36,45,49,3,Wednesday," May 6, 2020"
15,18,26,34,43,45,42,Saturday," May 2, 2020"
6,17,21,30,40,41,27,Wednesday," April 29, 2020"
6,10,11,22,32,48,17,Saturday," April 25, 2020"
9,10,11,14,15,28,36,Wednesday," April 22, 2020"
1,10,23,32,46,48,36,Saturday," April 18, 2020"
1,3,7,13,22,47,30,Wednesday," April 15, 2020"
10,14,17,32,35,42,26,Saturday," April 11, 2020"
9,13,21,23,30,32,15,Wednesday," April 8, 2020"
19,29,34,35,44,45,10,Saturday," April 4, 2020"
4,6,10,13,25,49,41,Wednesday," April 1, 2020"
2,7,21,30,33,46,27,Saturday," March 28, 2020"
3,19,31,38,45,47,48,Wednesday," March 25, 2020"
6,11,22,36,37,45,10,Saturday," March 21, 2020"
7,8,9,12,14,36,28,Wednesday," March 18, 2020"
1,2,23,27,31,32,43,Saturday," March 14, 2020"
5,24,32,37,43,44,23,Wednesday," March 11, 2020"
5,8,13,27,34,46,39,Saturday," March 7, 2020"
6,8,15,24,38,41,31,Wednesday," March 4, 2020"
6,12,15,18,31,46,13,Saturday," February 29, 2020"
8,25,34,35,36,38,5,Wednesday," February 26, 2020"
2,7,26,33,46,48,25,Saturday," February 22, 2020"
5,6,13,23,44,49,40,Wednesday," February 19, 2020"
7,8,11,23,27,30,3,Saturday," February 15, 2020"
16,20,24,33,36,47,4,Wednesday," February 12, 2020"
8,28,30,39,41,43,45,Saturday," February 8, 2020"
1,3,6,24,29,45,48,Wednesday," February 5, 2020"
13,21,35,40,45,48,47,Saturday," February 1, 2020"
3,14,16,23,41,43,29,Wednesday," January 29, 2020"
8,20,21,30,32,48,31,Saturday," January 25, 2020"
2,10,27,30,39,43,21,Wednesday," January 22, 2020"
2,5,10,18,26,30,36,Saturday," January 18, 2020"
1,17,23,25,26,34,24,Wednesday," January 15, 2020"
2,3,7,18,24,26,6,Saturday," January 11, 2020"
2,5,19,44,48,49,24,Wednesday," January 8, 2020"
23,24,36,42,45,46,21,Saturday," January 4, 2020"
11,23,30,35,39,43,34,Wednesday," January 1, 2020"
18,32,42,44,45,48,38,Wednesday," December 29, 2021"
4,13,21,24,31,45,41,Saturday," December 25, 2021"
1,2,3,11,15,43,46,Wednesday," December 22, 2021"
2,10,15,16,20,49,18,Saturday," December 18, 2021"
1,9,12,18,35,48,19,Wednesday," December 15, 2021"
1,6,26,27,43,46,12,Saturday," December 11, 2021"
23,25,26,36,40,49,42,Wednesday," December 8, 2021"
5,11,15,28,31,47,19,Saturday," December 4, 2021"
14,17,27,34,36,42,8,Wednesday," December 1, 2021"
6,7,14,23,35,41,11,Saturday," November 27, 2021"
10,11,18,20,35,48,39,Wednesday," November 24, 2021"
15,25,26,29,42,43,22,Saturday," November 20, 2021"
3,4,18,23,27,28,38,Wednesday," November 17, 2021"
5,6,7,18,25,37,24,Saturday," November 13, 2021"
2,7,18,19,23,25,43,Wednesday," November 10, 2021"
14,16,28,39,41,47,37,Saturday," November 6, 2021"
9,20,27,35,37,43,3,Wednesday," November 3, 2021"
3,5,7,23,42,46,15,Saturday," October 30, 2021"
3,9,14,36,40,46,41,Wednesday," October 27, 2021"
1,3,9,40,42,44,46,Saturday," October 23, 2021"
6,9,34,35,48,49,41,Wednesday," October 20, 2021"
5,10,11,33,44,47,20,Saturday," October 16, 2021"
2,7,8,11,19,27,24,Wednesday," October 13, 2021"
1,11,19,27,28,38,8,Saturday," October 9, 2021"
7,18,19,38,42,46,31,Wednesday," October 6, 2021"
8,17,18,19,48,49,26,Saturday," October 2, 2021"
3,5,38,39,41,48,28,Wednesday," September 29, 2021"
3,8,10,35,46,48,17,Saturday," September 25, 2021"
5,14,19,30,38,40,27,Wednesday," September 22, 2021"
9,26,29,36,40,41,27,Saturday," September 18, 2021"
7,11,14,15,27,41,49,Wednesday," September 15, 2021"
15,18,31,33,34,41,45,Saturday," September 11, 2021"
2,7,10,16,28,36,41,Wednesday," September 8, 2021"
6,13,18,19,29,49,2,Saturday," September 4, 2021"
3,4,14,18,19,42,43,Wednesday," September 1, 2021"
6,8,9,12,19,26,43,Saturday," August 28, 2021"
1,16,34,37,41,48,21,Wednesday," August 25, 2021"
2,9,15,21,38,46,36,Saturday," August 21, 2021"
7,8,28,30,32,42,33,Wednesday," August 18, 2021"
3,8,11,34,40,47,4,Saturday," August 14, 2021"
12,15,25,40,44,45,31,Wednesday," August 11, 2021"
10,13,15,22,29,46,3,Saturday," August 7, 2021"
3,8,21,38,42,49,27,Wednesday," August 4, 2021"
7,30,37,43,47,49,20,Saturday," July 31, 2021"
1,4,10,14,32,39,19,Wednesday," July 28, 2021"
1,5,7,19,37,45,35,Saturday," July 24, 2021"
2,4,15,20,35,45,10,Wednesday," July 21, 2021"
22,24,28,35,37,45,49,Saturday," July 17, 2021"
2,9,19,23,26,30,10,Wednesday," July 14, 2021"
4,5,18,28,35,42,2,Saturday," July 10, 2021"
11,16,21,26,42,45,22,Wednesday," July 7, 2021"
4,7,10,31,33,38,23,Saturday," July 3, 2021"
9,10,13,26,28,30,36,Wednesday," June 30, 2021"
15,27,36,37,43,49,7,Saturday," June 26, 2021"
9,17,20,22,34,40,48,Wednesday," June 23, 2021"
13,15,17,25,34,45,5,Saturday," June 19, 2021"
16,23,32,33,37,45,3,Wednesday," June 16, 2021"
11,20,22,33,41,49,34,Saturday," June 12, 2021"
1,3,15,26,28,39,10,Wednesday," June 9, 2021"
13,15,22,42,45,46,14,Saturday," June 5, 2021"
1,13,22,32,33,39,48,Wednesday," June 2, 2021"
11,18,19,27,34,46,42,Saturday," May 29, 2021"
7,10,20,38,45,49,26,Wednesday," May 26, 2021"
7,13,14,34,37,45,29,Saturday," May 22, 2021"
12,21,25,40,42,49,45,Wednesday," May 19, 2021"
3,6,12,28,39,46,5,Saturday," May 15, 2021"
30,35,39,42,46,48,38,Wednesday," May 12, 2021"
25,28,36,38,41,49,20,Saturday," May 8, 2021"
5,22,23,26,43,46,4,Wednesday," May 5, 2021"
10,15,21,30,32,38,24,Saturday," May 1, 2021"
6,11,20,22,34,49,42,Wednesday," April 28, 2021"
14,18,27,33,34,39,49,Saturday," April 24, 2021"
15,18,23,32,38,47,19,Wednesday," April 21, 2021"
7,13,32,38,39,48,23,Saturday," April 17, 2021"
4,6,12,23,36,47,18,Wednesday," April 14, 2021"
5,16,19,24,28,34,4,Saturday," April 10, 2021"
23,31,34,38,39,41,12,Wednesday," April 7, 2021"
12,13,19,35,42,47,28,Saturday," April 3, 2021"
3,7,8,12,37,40,41,Wednesday," March 31, 2021"
15,16,17,30,36,40,34,Saturday," March 27, 2021"
3,4,27,43,45,48,44,Wednesday," March 24, 2021"
9,16,25,36,39,43,49,Saturday," March 20, 2021"
4,9,13,25,44,49,3,Wednesday," March 17, 2021"
15,24,27,29,42,49,18,Saturday," March 13, 2021"
30,31,35,36,43,48,28,Wednesday," March 10, 2021"
2,14,18,21,26,48,19,Saturday," March 6, 2021"
3,11,33,34,36,43,42,Wednesday," March 3, 2021"
11,15,16,20,46,49,17,Saturday," February 27, 2021"
11,36,37,38,39,45,10,Wednesday," February 24, 2021"
2,14,15,21,29,46,7,Saturday," February 20, 2021"
7,16,18,43,45,48,14,Wednesday," February 17, 2021"
16,17,27,40,41,45,38,Saturday," February 13, 2021"
4,14,22,26,45,48,20,Wednesday," February 10, 2021"
6,11,12,26,28,38,47,Saturday," February 6, 2021"
20,21,26,30,35,41,47,Wednesday," February 3, 2021"
3,23,26,35,42,44,32,Saturday," January 30, 2021"
12,17,23,36,44,49,32,Wednesday," January 27, 2021"
5,17,21,29,41,43,46,Saturday," January 23, 2021"
2,5,18,23,29,47,45,Wednesday," January 20, 2021"
9,10,21,28,35,43,34,Saturday," January 16, 2021"
20,27,28,37,38,39,9,Wednesday," January 13, 2021"
4,8,18,24,31,32,40,Saturday," January 9, 2021"
15,23,30,31,32,42,48,Wednesday," January 6, 2021"
16,17,20,42,47,49,40,Saturday," January 2, 2021"
2,5,7,11,15,21,25,Saturday," December 31, 2022"
2,10,16,17,24,26,18,Wednesday," December 28, 2022"
10,11,21,22,24,30,32,Saturday," December 24, 2022"
29,34,37,38,42,49,41,Wednesday," December 21, 2022"
11,18,20,23,29,42,6,Saturday," December 17, 2022"
9,21,34,37,41,44,24,Wednesday," December 14, 2022"
10,14,20,35,37,40,48,Saturday," December 10, 2022"
22,23,38,41,44,48,8,Wednesday," December 7, 2022"
4,18,26,36,41,42,32,Saturday," December 3, 2022"
4,11,16,19,27,35,25,Wednesday," November 30, 2022"
18,26,32,37,42,43,10,Saturday," November 26, 2022"
3,14,19,20,28,47,37,Wednesday," November 23, 2022"
12,16,21,32,38,45,15,Saturday," November 19, 2022"
4,6,12,20,41,44,31,Wednesday," November 16, 2022"
1,20,24,32,36,37,5,Saturday," November 12, 2022"
21,23,30,34,41,49,13,Wednesday," November 9, 2022"
2,20,31,40,48,49,44,Saturday," November 5, 2022"
19,25,38,40,47,48,20,Wednesday," November 2, 2022"
9,13,20,26,28,40,44,Saturday," October 29, 2022"
10,15,23,38,39,45,37,Wednesday," October 26, 2022"
2,17,24,36,40,49,30,Saturday," October 22, 2022"
4,15,30,35,42,43,24,Wednesday," October 19, 2022"
7,9,12,33,35,36,6,Saturday," October 15, 2022"
8,10,25,36,38,41,42,Wednesday," October 12, 2022"
1,5,21,35,37,41,6,Saturday," October 8, 2022"
3,6,10,19,28,31,2,Wednesday," October 5, 2022"
4,19,21,24,25,36,9,Saturday," October 1, 2022"
7,10,11,24,32,40,25,Wednesday," September 28, 2022"
10,13,21,37,40,41,48,Saturday," September 24, 2022"
1,26,33,37,44,49,31,Wednesday," September 21, 2022"
3,9,15,21,33,49,13,Saturday," September 17, 2022"
7,8,14,22,23,39,11,Wednesday," September 14, 2022"
11,15,19,29,41,49,38,Saturday," September 10, 2022"
11,12,13,16,29,35,7,Wednesday," September 7, 2022"
5,8,13,21,22,46,9,Saturday," September 3, 2022"
9,18,25,33,35,41,19,Wednesday," August 31, 2022"
9,12,19,20,23,28,31,Saturday," August 27, 2022"
9,15,22,24,26,41,16,Wednesday," August 24, 2022"
1,5,11,29,40,49,22,Saturday," August 20, 2022"
6,7,13,30,31,43,20,Wednesday," August 17, 2022"
5,8,13,35,37,40,3,Saturday," August 13, 2022"
8,9,36,38,44,45,29,Wednesday," August 10, 2022"
10,18,21,31,34,48,9,Saturday," August 6, 2022"
10,15,24,27,42,46,36,Wednesday," August 3, 2022"
9,21,22,27,35,47,31,Saturday," July 30, 2022"
6,19,29,42,45,49,21,Wednesday," July 27, 2022"
6,23,24,26,39,42,21,Saturday," July 23, 2022"
1,15,17,25,26,40,39,Wednesday," July 20, 2022"
8,19,23,34,37,44,21,Saturday," July 16, 2022"
13,18,19,21,35,40,29,Wednesday," July 13, 2022"
8,12,21,33,34,45,23,Saturday," July 9, 2022"
25,33,34,35,37,46,30,Wednesday," July 6, 2022"
1,4,7,33,36,47,2,Saturday," July 2, 2022"
6,7,16,26,31,35,13,Wednesday," June 29, 2022"
9,14,23,36,38,44,19,Saturday," June 25, 2022"
7,10,11,18,27,42,25,Wednesday," June 22, 2022"
4,6,20,21,24,44,5,Saturday," June 18, 2022"
3,5,9,12,16,29,32,Wednesday," June 15, 2022"
14,15,22,25,32,44,45,Saturday," June 11, 2022"
6,22,32,39,40,46,26,Wednesday," June 8, 2022"
14,24,32,36,37,48,17,Saturday," June 4, 2022"
1,15,16,19,44,48,5,Wednesday," June 1, 2022"
6,13,15,29,45,48,1,Saturday," May 28, 2022"
14,15,22,35,36,47,19,Wednesday," May 25, 2022"
4,5,26,33,35,44,30,Saturday," May 21, 2022"
14,22,24,28,42,48,23,Wednesday," May 18, 2022"
2,14,21,27,34,49,5,Saturday," May 14, 2022"
5,10,12,34,36,48,27,Wednesday," May 11, 2022"
7,12,21,28,40,46,34,Saturday," May 7, 2022"
4,21,22,36,41,43,31,Wednesday," May 4, 2022"
9,11,14,16,20,43,32,Saturday," April 30, 2022"
6,26,29,32,33,41,2,Wednesday," April 27, 2022"
17,19,27,39,44,49,2,Saturday," April 23, 2022"
6,10,13,17,21,37,34,Wednesday," April 20, 2022"
7,13,26,35,36,38,40,Saturday," April 16, 2022"
9,27,31,33,45,49,20,Wednesday," April 13, 2022"
12,28,34,41,46,49,2,Saturday," April 9, 2022"
2,8,9,16,39,49,21,Wednesday," April 6, 2022"
5,12,15,29,42,44,38,Saturday," April 2, 2022"
3,7,15,21,35,40,37,Wednesday," March 30, 2022"
5,11,21,22,38,45,44,Saturday," March 26, 2022"
8,11,12,23,29,36,49,Wednesday," March 23, 2022"
4,7,26,36,42,47,32,Saturday," March 19, 2022"
1,3,8,14,15,16,33,Wednesday," March 16, 2022"
3,8,20,24,37,47,31,Saturday," March 12, 2022"
16,25,31,34,40,42,15,Wednesday," March 9, 2022"
5,9,10,32,38,40,44,Saturday," March 5, 2022"
11,12,39,41,42,49,14,Wednesday," March 2, 2022"
6,8,12,16,24,35,25,Saturday," February 26, 2022"
4,10,28,31,33,43,18,Wednesday," February 23, 2022"
4,16,30,32,37,44,35,Saturday," February 19, 2022"
2,8,30,31,40,44,11,Wednesday," February 16, 2022"
1,25,26,37,40,43,3,Saturday," February 12, 2022"
12,14,19,28,32,36,17,Wednesday," February 9, 2022"
2,9,12,14,23,24,10,Saturday," February 5, 2022"
3,7,9,23,26,32,42,Wednesday," February 2, 2022"
10,14,25,29,33,44,40,Saturday," January 29, 2022"
5,22,25,30,32,46,45,Wednesday," January 26, 2022"
7,12,27,31,37,44,35,Saturday," January 22, 2022"
3,12,19,37,39,45,47,Wednesday," January 19, 2022"
5,10,35,41,42,44,13,Saturday," January 15, 2022"
8,21,26,29,31,46,40,Wednesday," January 12, 2022"
6,18,23,31,46,48,4,Saturday," January 8, 2022"
2,5,8,29,36,45,23,Wednesday," January 5, 2022"
7,8,15,17,19,33,6,Saturday," January 1, 2022"
7,18,23,28,31,48,44,Saturday," December 30, 2023"
3,11,21,40,46,48,36,Wednesday," December 27, 2023"
7,10,15,21,29,31,17,Saturday," December 23, 2023"
10,12,13,17,35,44,47,Wednesday," December 20, 2023"
7,8,13,20,43,44,2,Saturday," December 16, 2023"
7,16,20,33,46,47,5,Wednesday," December 13, 2023"
4,5,14,21,27,30,41,Saturday," December 9, 2023"
1,11,31,36,38,45,46,Wednesday," December 6, 2023"
1,2,20,26,39,49,18,Saturday," December 2, 2023"
11,13,16,18,21,43,37,Wednesday," November 29, 2023"
5,9,18,29,39,42,48,Saturday," November 25, 2023"
7,12,13,17,20,36,11,Wednesday," November 22, 2023"
6,22,26,30,35,36,25,Saturday," November 18, 2023"
16,20,23,32,37,39,13,Wednesday," November 15, 2023"
3,17,25,26,41,42,18,Saturday," November 11, 2023"
25,29,37,43,46,48,15,Wednesday," November 8, 2023"
1,10,15,17,35,45,34,Saturday," November 4, 2023"
7,12,31,34,41,48,25,Wednesday," November 1, 2023"
4,9,17,30,36,43,37,Saturday," October 28, 2023"
1,4,16,22,29,47,43,Wednesday," October 25, 2023"
1,12,17,19,23,39,37,Saturday," October 21, 2023"
3,4,9,27,30,37,48,Wednesday," October 18, 2023"
15,17,23,32,37,47,49,Saturday," October 14, 2023"
9,17,22,28,37,43,25,Wednesday," October 11, 2023"
4,6,20,40,45,46,33,Saturday," October 7, 2023"
18,19,26,27,29,30,34,Wednesday," October 4, 2023"
30,31,34,43,45,47,14,Saturday," September 30, 2023"
9,17,25,30,38,48,35,Wednesday," September 27, 2023"
5,18,22,26,28,45,14,Saturday," September 23, 2023"
10,14,17,22,25,38,24,Wednesday," September 20, 2023"
5,9,14,29,37,38,18,Saturday," September 16, 2023"
8,10,18,32,33,42,40,Wednesday," September 13, 2023"
8,17,20,26,42,44,3,Saturday," September 9, 2023"
3,10,31,38,39,41,34,Wednesday," September 6, 2023"
12,13,30,33,35,43,17,Saturday," September 2, 2023"
3,16,22,25,27,46,19,Wednesday," August 30, 2023"
6,10,11,22,32,43,27,Saturday," August 26, 2023"
3,13,14,19,26,36,25,Wednesday," August 23, 2023"
22,23,25,35,36,41,21,Saturday," August 19, 2023"
2,3,6,7,17,27,24,Wednesday," August 16, 2023"
2,5,7,12,31,44,29,Saturday," August 12, 2023"
17,35,37,40,45,47,44,Wednesday," August 9, 2023"
1,5,10,20,28,39,26,Saturday," August 5, 2023"
4,7,9,25,34,48,42,Wednesday," August 2, 2023"
2,7,8,18,33,36,14,Saturday," July 29, 2023"
10,19,20,30,38,45,7,Wednesday," July 26, 2023"
3,7,8,25,35,48,32,Saturday," July 22, 2023"
15,25,30,31,40,48,22,Wednesday," July 19, 2023"
17,24,31,32,35,47,20,Saturday," July 15, 2023"
9,18,22,23,28,46,11,Wednesday," July 12, 2023"
10,11,23,30,44,49,6,Saturday," July 8, 2023"
3,4,10,12,30,34,14,Wednesday," July 5, 2023"
10,21,30,32,35,49,41,Saturday," July 1, 2023"
8,13,16,40,42,47,22,Wednesday," June 28, 2023"
5,7,15,18,21,29,17,Saturday," June 24, 2023"
4,5,13,14,33,35,8,Wednesday," June 21, 2023"
16,31,42,44,45,48,15,Saturday," June 17, 2023"
12,18,22,24,25,47,21,Wednesday," June 14, 2023"
14,23,26,31,32,42,25,Saturday," June 10, 2023"
1,15,19,24,32,44,31,Wednesday," June 7, 2023"
22,31,33,34,43,49,21,Saturday," June 3, 2023"
9,22,23,25,30,37,48,Wednesday," May 31, 2023"
11,20,26,38,44,45,41,Saturday," May 27, 2023"
3,7,37,43,45,46,31,Wednesday," May 24, 2023"
4,6,23,27,41,48,28,Saturday," May 20, 2023"
16,25,28,40,47,49,7,Wednesday," May 17, 2023"
13,14,27,29,31,42,45,Saturday," May 13, 2023"
27,34,36,41,44,47,38,Wednesday," May 10, 2023"
3,19,23,30,37,42,1,Saturday," May 6, 2023"
7,15,21,34,46,48,16,Wednesday," May 3, 2023"
6,11,28,29,39,43,34,Saturday," April 29, 2023"
5,9,25,29,39,48,22,Wednesday," April 26, 2023"
4,8,21,38,46,49,36,Saturday," April 22, 2023"
1,6,13,17,43,44,28,Wednesday," April 19, 2023"
1,20,30,35,36,44,48,Saturday," April 15, 2023"
9,10,19,23,32,37,46,Wednesday," April 12, 2023"
8,13,16,27,31,46,41,Saturday," April 8, 2023"
10,17,21,22,41,42,3,Wednesday," April 5, 2023"
5,11,23,31,45,49,6,Saturday," April 1, 2023"
9,10,12,17,30,45,44,Wednesday," March 29, 2023"
11,12,13,16,22,28,27,Saturday," March 25, 2023"
2,7,9,11,39,41,48,Wednesday," March 22, 2023"
4,7,8,15,34,45,1,Saturday," March 18, 2023"
4,9,26,27,28,33,30,Wednesday," March 15, 2023"
6,13,21,29,33,49,22,Saturday," March 11, 2023"
6,9,25,34,36,43,38,Wednesday," March 8, 2023"
3,9,19,22,37,43,27,Saturday," March 4, 2023"
3,8,10,14,34,35,44,Wednesday," March 1, 2023"
2,23,24,25,39,40,21,Saturday," February 25, 2023"
3,19,24,25,27,43,34,Wednesday," February 22, 2023"
3,5,7,10,26,39,22,Saturday," February 18, 2023"
1,3,8,37,41,43,16,Wednesday," February 15, 2023"
4,17,21,27,32,42,30,Saturday," February 11, 2023"
6,12,19,24,38,47,27,Wednesday," February 8, 2023"
11,13,29,31,42,47,17,Saturday," February 4, 2023"
8,22,23,24,34,38,41,Wednesday," February 1, 2023"
5,12,15,26,46,48,17,Saturday," January 28, 2023"
5,13,24,33,35,41,43,Wednesday," January 25, 2023"
8,11,27,35,38,45,48,Saturday," January 21, 2023"
6,13,25,31,41,47,46,Wednesday," January 18, 2023"
1,10,11,13,29,37,47,Saturday," January 14, 2023"
13,17,22,30,31,47,7,Wednesday," January 11, 2023"
5,6,14,16,45,48,18,Saturday," January 7, 2023"
4,17,21,22,31,38,46,Wednesday," January 4, 2023"
11,17,21,27,41,44,7,Saturday," April 13, 2024"
11,12,17,23,38,46,40,Wednesday," April 10, 2024"
16,18,22,29,36,43,44,Saturday," April 6, 2024"
2,10,35,36,38,46,20,Wednesday," April 3, 2024"
7,12,25,29,39,43,23,Saturday," March 30, 2024"
14,22,27,39,40,45,6,Wednesday," March 27, 2024"
2,14,26,27,33,49,8,Saturday," March 23, 2024"
8,19,33,44,46,48,21,Wednesday," March 20, 2024"
12,27,32,38,39,41,42,Saturday," March 16, 2024"
4,8,15,32,40,44,7,Wednesday," March 13, 2024"
6,15,19,34,45,47,27,Saturday," March 9, 2024"
20,33,39,44,48,49,6,Wednesday," March 6, 2024"
4,13,26,34,35,42,1,Saturday," March 2, 2024"
7,24,34,42,46,49,1,Wednesday," February 28, 2024"
2,14,15,28,42,44,25,Saturday," February 24, 2024"
31,32,45,46,47,49,12,Wednesday," February 21, 2024"
3,17,25,29,36,46,2,Saturday," February 17, 2024"
7,15,37,41,42,47,12,Wednesday," February 14, 2024"
1,5,15,18,22,44,6,Saturday," February 10, 2024"
7,19,21,33,36,45,4,Wednesday," February 7, 2024"
5,10,15,27,40,47,7,Saturday," February 3, 2024"
8,9,28,29,34,43,40,Wednesday," January 31, 2024"
8,11,13,23,24,36,12,Saturday," January 27, 2024"
1,8,20,30,31,34,41,Wednesday," January 24, 2024"
1,6,12,27,45,49,47,Saturday," January 20, 2024"
8,10,11,25,29,37,45,Wednesday," January 17, 2024"
24,28,31,40,42,48,43,Saturday," January 13, 2024"
3,18,25,31,35,39,1,Wednesday," January 10, 2024"
18,19,33,38,48,49,27,Saturday," January 6, 2024"
2,12,23,30,32,35,47,Wednesday," January 3, 2024"
